animation_name,length_sec,track_count,correct_hip,correct_xz,animation_type,weapon_attached,wired_connections,storage_domain,verified_for_use,skeleton,pack_or_folder,source_path,in_wiring_table,asset_exists,load_ok,notes,asset_cache_key,controller_status,optimization_priority,default_loop_policy,preload_tier,recommended_action
draw,1.0333,20,pipeline_locked_if_played,pipeline_locked_if_played,attack,longbow,grudge_pack:{attack} packs=longbow,cdn:assets.grudge-studio.com/anims/baked,wired_cdn_ok,bip001,longbow,longbow/draw,yes,yes,yes,Bip001 baked JSON; only plays on GrudgeAvatar after loadBakedClip,longbow/draw,READY,P3,LoopOnce,ON_DEMAND,Keep mapped; monitor transition quality and memory use.
idle,5.1000,20,pipeline_locked_if_played,pipeline_locked_if_played,idle,longbow,grudge_pack:{idle} packs=longbow,cdn:assets.grudge-studio.com/anims/baked,wired_cdn_ok,bip001,longbow,longbow/idle,yes,yes,yes,Bip001 baked JSON; only plays on GrudgeAvatar after loadBakedClip,longbow/idle,READY,P3,LoopRepeat,CORE_PRELOAD,Keep mapped; monitor transition quality and memory use.
run-forward,0.8667,20,pipeline_locked_if_played,pipeline_locked_if_played,locomotion,longbow,grudge_pack:{run} packs=longbow,cdn:assets.grudge-studio.com/anims/baked,wired_cdn_ok,bip001,longbow,longbow/run-forward,yes,yes,yes,Bip001 baked JSON; only plays on GrudgeAvatar after loadBakedClip,longbow/run-forward,READY,P3,LoopRepeat,CORE_PRELOAD,Keep mapped; monitor transition quality and memory use.
walk-forward,1.2000,20,pipeline_locked_if_played,pipeline_locked_if_played,locomotion,longbow,grudge_pack:{walk} packs=longbow,cdn:assets.grudge-studio.com/anims/baked,wired_cdn_ok,bip001,longbow,longbow/walk-forward,yes,yes,yes,Bip001 baked JSON; only plays on GrudgeAvatar after loadBakedClip,longbow/walk-forward,READY,P3,LoopRepeat,CORE_PRELOAD,Keep mapped; monitor transition quality and memory use.
standing-idle,1.8667,20,pipeline_locked_if_played,pipeline_locked_if_played,idle,magic,grudge_pack:{idle} packs=magic,cdn:assets.grudge-studio.com/anims/baked,wired_cdn_ok,bip001,magic,magic/standing-idle,yes,yes,yes,Bip001 baked JSON; only plays on GrudgeAvatar after loadBakedClip,magic/standing-idle,READY,P3,LoopRepeat,CORE_PRELOAD,Keep mapped; monitor transition quality and memory use.
standing-run-back,0.6333,20,pipeline_locked_if_played,pipeline_locked_if_played,locomotion,magic,grudge_pack:{runB} packs=magic,cdn:assets.grudge-studio.com/anims/baked,wired_cdn_ok,bip001,magic,magic/standing-run-back,yes,yes,yes,Bip001 baked JSON; only plays on GrudgeAvatar after loadBakedClip,magic/standing-run-back,READY,P3,LoopRepeat,CORE_PRELOAD,Keep mapped; monitor transition quality and memory use.
standing-run-forward,0.7333,20,pipeline_locked_if_played,pipeline_locked_if_played,locomotion,magic,grudge_pack:{run} packs=magic,cdn:assets.grudge-studio.com/anims/baked,wired_cdn_ok,bip001,magic,magic/standing-run-forward,yes,yes,yes,Bip001 baked JSON; only plays on GrudgeAvatar after loadBakedClip,magic/standing-run-forward,READY,P3,LoopRepeat,CORE_PRELOAD,Keep mapped; monitor transition quality and memory use.
standing-run-left,0.7667,20,pipeline_locked_if_played,pipeline_locked_if_played,locomotion,magic,grudge_pack:{runL} packs=magic,cdn:assets.grudge-studio.com/anims/baked,wired_cdn_ok,bip001,magic,magic/standing-run-left,yes,yes,yes,Bip001 baked JSON; only plays on GrudgeAvatar after loadBakedClip,magic/standing-run-left,READY,P3,LoopRepeat,CORE_PRELOAD,Keep mapped; monitor transition quality and memory use.
standing-run-right,0.7667,20,pipeline_locked_if_played,pipeline_locked_if_played,locomotion,magic,grudge_pack:{runR} packs=magic,cdn:assets.grudge-studio.com/anims/baked,wired_cdn_ok,bip001,magic,magic/standing-run-right,yes,yes,yes,Bip001 baked JSON; only plays on GrudgeAvatar after loadBakedClip,magic/standing-run-right,READY,P3,LoopRepeat,CORE_PRELOAD,Keep mapped; monitor transition quality and memory use.
standing-walk-back,1.2000,20,pipeline_locked_if_played,pipeline_locked_if_played,locomotion,magic,grudge_pack:{walkB} packs=magic,cdn:assets.grudge-studio.com/anims/baked,wired_cdn_ok,bip001,magic,magic/standing-walk-back,yes,yes,yes,Bip001 baked JSON; only plays on GrudgeAvatar after loadBakedClip,magic/standing-walk-back,READY,P3,LoopRepeat,CORE_PRELOAD,Keep mapped; monitor transition quality and memory use.
standing-walk-forward,1.1333,20,pipeline_locked_if_played,pipeline_locked_if_played,locomotion,magic,grudge_pack:{walk} packs=magic,cdn:assets.grudge-studio.com/anims/baked,wired_cdn_ok,bip001,magic,magic/standing-walk-forward,yes,yes,yes,Bip001 baked JSON; only plays on GrudgeAvatar after loadBakedClip,magic/standing-walk-forward,READY,P3,LoopRepeat,CORE_PRELOAD,Keep mapped; monitor transition quality and memory use.
standing-walk-left,1.1667,20,pipeline_locked_if_played,pipeline_locked_if_played,locomotion,magic,grudge_pack:{walkL} packs=magic,cdn:assets.grudge-studio.com/anims/baked,wired_cdn_ok,bip001,magic,magic/standing-walk-left,yes,yes,yes,Bip001 baked JSON; only plays on GrudgeAvatar after loadBakedClip,magic/standing-walk-left,READY,P3,LoopRepeat,CORE_PRELOAD,Keep mapped; monitor transition quality and memory use.
standing-walk-right,1.2000,20,pipeline_locked_if_played,pipeline_locked_if_played,locomotion,magic,grudge_pack:{walkR} packs=magic,cdn:assets.grudge-studio.com/anims/baked,wired_cdn_ok,bip001,magic,magic/standing-walk-right,yes,yes,yes,Bip001 baked JSON; only plays on GrudgeAvatar after loadBakedClip,magic/standing-walk-right,READY,P3,LoopRepeat,CORE_PRELOAD,Keep mapped; monitor transition quality and memory use.
sword-and-shield-attack,2.3333,20,pipeline_locked_if_played,pipeline_locked_if_played,attack,sword_shield,grudge_pack:{attack} packs=sword_shield,cdn:assets.grudge-studio.com/anims/baked,wired_cdn_ok,bip001,sword_shield,sword_shield/sword-and-shield-attack,yes,yes,yes,Bip001 baked JSON; only plays on GrudgeAvatar after loadBakedClip,sword_shield/sword-and-shield-attack,READY,P3,LoopOnce,ON_DEMAND,Keep mapped; monitor transition quality and memory use.
sword-and-shield-block,0.5667,20,pipeline_locked_if_played,pipeline_locked_if_played,defense,sword_shield,grudge_pack:{block+parry} packs=sword_shield,cdn:assets.grudge-studio.com/anims/baked,wired_cdn_ok,bip001,sword_shield,sword_shield/sword-and-shield-block,yes,yes,yes,Bip001 baked JSON; only plays on GrudgeAvatar after loadBakedClip,sword_shield/sword-and-shield-block,READY,P3,LoopOnce,CORE_PRELOAD,Keep mapped; monitor transition quality and memory use.
sword-and-shield-idle,2.5333,20,pipeline_locked_if_played,pipeline_locked_if_played,idle,sword_shield,grudge_pack:{idle} packs=sword_shield,cdn:assets.grudge-studio.com/anims/baked,wired_cdn_ok,bip001,sword_shield,sword_shield/sword-and-shield-idle,yes,yes,yes,Bip001 baked JSON; only plays on GrudgeAvatar after loadBakedClip,sword_shield/sword-and-shield-idle,READY,P3,LoopRepeat,CORE_PRELOAD,Keep mapped; monitor transition quality and memory use.
sword-and-shield-run,0.7000,20,pipeline_locked_if_played,pipeline_locked_if_played,locomotion,sword_shield,grudge_pack:{run} packs=sword_shield,cdn:assets.grudge-studio.com/anims/baked,wired_cdn_ok,bip001,sword_shield,sword_shield/sword-and-shield-run,yes,yes,yes,Bip001 baked JSON; only plays on GrudgeAvatar after loadBakedClip,sword_shield/sword-and-shield-run,READY,P3,LoopRepeat,CORE_PRELOAD,Keep mapped; monitor transition quality and memory use.
running,2.5333,20,pipeline_locked_if_played,pipeline_locked_if_played,locomotion,unarmed,grudge_pack:{run} packs=unarmed,cdn:assets.grudge-studio.com/anims/baked,wired_cdn_ok,bip001,unarmed,locomotion/running,yes,yes,yes,Bip001 baked JSON; only plays on GrudgeAvatar after loadBakedClip,locomotion/running,READY,P3,LoopRepeat,CORE_PRELOAD,Keep mapped; monitor transition quality and memory use.
running,1.6333,20,pipeline_locked_if_played,pipeline_locked_if_played,locomotion,unarmed|magic|sword_shield|longbow,grudge_pack:{sprint} packs=unarmed|magic|sword_shield|longbow,cdn:assets.grudge-studio.com/anims/baked,wired_cdn_ok,bip001,unarmed|magic|sword_shield|longbow,uploads_2026_06/locomotion/running,yes,yes,yes,Bip001 baked JSON; only plays on GrudgeAvatar after loadBakedClip,uploads_2026_06/locomotion/running,READY,P3,LoopRepeat,CORE_PRELOAD,Keep mapped; monitor transition quality and memory use.
punching,1.0333,20,pipeline_locked_if_played,pipeline_locked_if_played,attack,unarmed|magic,grudge_pack:{attack} packs=unarmed|magic,cdn:assets.grudge-studio.com/anims/baked,wired_cdn_ok,bip001,unarmed|magic,unarmed/punching,yes,yes,yes,Bip001 baked JSON; only plays on GrudgeAvatar after loadBakedClip,unarmed/punching,READY,P3,LoopOnce,ON_DEMAND,Keep mapped; monitor transition quality and memory use.
walking,1.0000,20,pipeline_locked_if_played,pipeline_locked_if_played,locomotion,unarmed|sword_shield,grudge_pack:{walk} packs=unarmed|sword_shield,cdn:assets.grudge-studio.com/anims/baked,wired_cdn_ok,bip001,unarmed|sword_shield,locomotion/walking,yes,yes,yes,Bip001 baked JSON; only plays on GrudgeAvatar after loadBakedClip,locomotion/walking,READY,P3,LoopRepeat,CORE_PRELOAD,Keep mapped; monitor transition quality and memory use.
run-back,0.6667,20,pipeline_locked_if_played,pipeline_locked_if_played,locomotion,unarmed|sword_shield|longbow,grudge_pack:{runB} packs=unarmed|sword_shield|longbow,cdn:assets.grudge-studio.com/anims/baked,wired_cdn_ok,bip001,unarmed|sword_shield|longbow,longbow/run-back,yes,yes,yes,Bip001 baked JSON; only plays on GrudgeAvatar after loadBakedClip,longbow/run-back,READY,P3,LoopRepeat,CORE_PRELOAD,Keep mapped; monitor transition quality and memory use.
run-left,0.6667,20,pipeline_locked_if_played,pipeline_locked_if_played,locomotion,unarmed|sword_shield|longbow,grudge_pack:{runL} packs=unarmed|sword_shield|longbow,cdn:assets.grudge-studio.com/anims/baked,wired_cdn_ok,bip001,unarmed|sword_shield|longbow,longbow/run-left,yes,yes,yes,Bip001 baked JSON; only plays on GrudgeAvatar after loadBakedClip,longbow/run-left,READY,P3,LoopRepeat,CORE_PRELOAD,Keep mapped; monitor transition quality and memory use.
run-right,0.7667,20,pipeline_locked_if_played,pipeline_locked_if_played,locomotion,unarmed|sword_shield|longbow,grudge_pack:{runR} packs=unarmed|sword_shield|longbow,cdn:assets.grudge-studio.com/anims/baked,wired_cdn_ok,bip001,unarmed|sword_shield|longbow,longbow/run-right,yes,yes,yes,Bip001 baked JSON; only plays on GrudgeAvatar after loadBakedClip,longbow/run-right,READY,P3,LoopRepeat,CORE_PRELOAD,Keep mapped; monitor transition quality and memory use.
walk-back,1.4667,20,pipeline_locked_if_played,pipeline_locked_if_played,locomotion,unarmed|sword_shield|longbow,grudge_pack:{walkB} packs=unarmed|sword_shield|longbow,cdn:assets.grudge-studio.com/anims/baked,wired_cdn_ok,bip001,unarmed|sword_shield|longbow,longbow/walk-back,yes,yes,yes,Bip001 baked JSON; only plays on GrudgeAvatar after loadBakedClip,longbow/walk-back,READY,P3,LoopRepeat,CORE_PRELOAD,Keep mapped; monitor transition quality and memory use.
walk-left,1.2000,20,pipeline_locked_if_played,pipeline_locked_if_played,locomotion,unarmed|sword_shield|longbow,grudge_pack:{walkL} packs=unarmed|sword_shield|longbow,cdn:assets.grudge-studio.com/anims/baked,wired_cdn_ok,bip001,unarmed|sword_shield|longbow,longbow/walk-left,yes,yes,yes,Bip001 baked JSON; only plays on GrudgeAvatar after loadBakedClip,longbow/walk-left,READY,P3,LoopRepeat,CORE_PRELOAD,Keep mapped; monitor transition quality and memory use.
walk-right,1.2000,20,pipeline_locked_if_played,pipeline_locked_if_played,locomotion,unarmed|sword_shield|longbow,grudge_pack:{walkR} packs=unarmed|sword_shield|longbow,cdn:assets.grudge-studio.com/anims/baked,wired_cdn_ok,bip001,unarmed|sword_shield|longbow,longbow/walk-right,yes,yes,yes,Bip001 baked JSON; only plays on GrudgeAvatar after loadBakedClip,longbow/walk-right,READY,P3,LoopRepeat,CORE_PRELOAD,Keep mapped; monitor transition quality and memory use.
fight_idle,2.3667,20,pipeline_locked_if_played,pipeline_locked_if_played,idle,unarmed,grudge_pack:{idle} packs=unarmed,cdn:assets.grudge-studio.com/anims/baked,wired_cdn_ok,bip001,unarmed,unarmed/fight_idle,yes,yes,yes,Bip001 baked JSON; only plays on GrudgeAvatar after loadBakedClip,unarmed/fight_idle,READY,P3,LoopRepeat,CORE_PRELOAD,Keep mapped; monitor transition quality and memory use.
hip-hop-dancing,,0,not_played_unverified,not_played_unverified,other,NONE_ORPHAN,ORPHAN_NOT_IN_WEAPON_SETS_OR_GLOBAL,local:public/anim,orphan_not_wired,mixamo,extra,animations/extra/hip-hop-dancing,no,yes,fail,load_err=window is not defined; FILE EXISTS BUT NOT REFERENCED IN clipCatalog WEAPON_SETS/GLOBAL/TRAVERSAL,animations/extra/hip-hop-dancing,BLOCKED_LOAD_ERROR,P0,LoopOnce,DO_NOT_LOAD,Fix the loader/runtime error or convert the source to a validated GLB.
draw-great-sword-2,,0,not_played_unverified,not_played_unverified,weapon_handling,NONE_ORPHAN,ORPHAN_NOT_IN_WEAPON_SETS_OR_GLOBAL,local:public/anim,orphan_not_wired,mixamo,greatsword,animations/greatsword/draw-great-sword-2,no,yes,fail,load_err=THREE.FBXLoader: Unknown property type ; FILE EXISTS BUT NOT REFERENCED IN clipCatalog WEAPON_SETS/GLOBAL/TRAVERSAL,animations/greatsword/draw-great-sword-2,BLOCKED_LOAD_ERROR,P0,LoopOnce,DO_NOT_LOAD,Fix the loader/runtime error or convert the source to a validated GLB.
great-sword-blocking,,0,not_played_unverified,not_played_unverified,defense,NONE_ORPHAN,ORPHAN_NOT_IN_WEAPON_SETS_OR_GLOBAL,local:public/anim,orphan_not_wired,mixamo,greatsword,animations/greatsword/great-sword-blocking,no,yes,fail,load_err=THREE.FBXLoader: Unknown property type ; FILE EXISTS BUT NOT REFERENCED IN clipCatalog WEAPON_SETS/GLOBAL/TRAVERSAL,animations/greatsword/great-sword-blocking,BLOCKED_LOAD_ERROR,P0,LoopOnce,DO_NOT_LOAD,Fix the loader/runtime error or convert the source to a validated GLB.
standing-2h-magic-area-attack-01,,0,not_played_unverified,not_played_unverified,attack,NONE_ORPHAN,ORPHAN_NOT_IN_WEAPON_SETS_OR_GLOBAL,local:public/anim,orphan_not_wired,mixamo,magic,animations/magic/standing-2h-magic-area-attack-01,no,yes,fail,load_err=THREE.FBXLoader: Unknown property type ; FILE EXISTS BUT NOT REFERENCED IN clipCatalog WEAPON_SETS/GLOBAL/TRAVERSAL,animations/magic/standing-2h-magic-area-attack-01,BLOCKED_LOAD_ERROR,P0,LoopOnce,DO_NOT_LOAD,Fix the loader/runtime error or convert the source to a validated GLB.
knocked-out,,0,not_played_unverified,not_played_unverified,reaction,NONE_ORPHAN,ORPHAN_NOT_IN_WEAPON_SETS_OR_GLOBAL,local:public/anim,orphan_not_wired,mixamo,reactions,animations/reactions/knocked-out,no,yes,fail,load_err=document is not defined; FILE EXISTS BUT NOT REFERENCED IN clipCatalog WEAPON_SETS/GLOBAL/TRAVERSAL,animations/reactions/knocked-out,BLOCKED_LOAD_ERROR,P0,LoopOnce,DO_NOT_LOAD,Fix the loader/runtime error or convert the source to a validated GLB.
parry,0.5000,20,not_played_unverified,not_played_unverified,defense,NONE_ORPHAN,ORPHAN_NOT_IN_WEAPON_SETS_OR_GLOBAL,local:public/anim,orphan_on_disk_loads,mixamo,block,animations/block/parry,no,yes,yes,FILE EXISTS BUT NOT REFERENCED IN clipCatalog WEAPON_SETS/GLOBAL/TRAVERSAL,animations/block/parry,READY_TO_WIRE,P1,LoopOnce,CORE_PRELOAD,"Add a controller mapping, then play-test hip and XZ locking."
standing-melee-kick,1.4333,21,not_played_unverified,not_played_unverified,attack,NONE_ORPHAN,ORPHAN_NOT_IN_WEAPON_SETS_OR_GLOBAL,local:public/anim,orphan_on_disk_loads,mixamo,bow,animations/bow/standing-melee-kick,no,yes,yes,FILE EXISTS BUT NOT REFERENCED IN clipCatalog WEAPON_SETS/GLOBAL/TRAVERSAL,animations/bow/standing-melee-kick,READY_TO_WIRE,P1,LoopOnce,ON_DEMAND,"Add a controller mapping, then play-test hip and XZ locking."
climbing,3.8333,21,not_played_unverified,not_played_unverified,acrobatics,NONE_ORPHAN,ORPHAN_NOT_IN_WEAPON_SETS_OR_GLOBAL,local:public/anim,orphan_on_disk_loads,mixamo,climb,animations/climb/climbing,no,yes,yes,FILE EXISTS BUT NOT REFERENCED IN clipCatalog WEAPON_SETS/GLOBAL/TRAVERSAL,animations/climb/climbing,READY_TO_WIRE,P1,LoopOnce,ON_DEMAND,"Add a controller mapping, then play-test hip and XZ locking."
crouched-to-sprinting,0.5000,21,not_played_unverified,not_played_unverified,locomotion,NONE_ORPHAN,ORPHAN_NOT_IN_WEAPON_SETS_OR_GLOBAL,local:public/anim,orphan_on_disk_loads,mixamo,extra,animations/extra/crouched-to-sprinting,no,yes,yes,FILE EXISTS BUT NOT REFERENCED IN clipCatalog WEAPON_SETS/GLOBAL/TRAVERSAL,animations/extra/crouched-to-sprinting,READY_TO_WIRE,P1,LoopRepeat,CORE_PRELOAD,"Add a controller mapping, then play-test hip and XZ locking."
frisbee-throw,3.3000,21,not_played_unverified,not_played_unverified,utility,NONE_ORPHAN,ORPHAN_NOT_IN_WEAPON_SETS_OR_GLOBAL,local:public/anim,orphan_on_disk_loads,mixamo,extra,animations/extra/frisbee-throw,no,yes,yes,FILE EXISTS BUT NOT REFERENCED IN clipCatalog WEAPON_SETS/GLOBAL/TRAVERSAL,animations/extra/frisbee-throw,READY_TO_WIRE,P1,LoopOnce,ON_DEMAND,"Add a controller mapping, then play-test hip and XZ locking."
male-dynamic-pose,0.0333,21,not_played_unverified,not_played_unverified,other,NONE_ORPHAN,ORPHAN_NOT_IN_WEAPON_SETS_OR_GLOBAL,local:public/anim,orphan_on_disk_loads,mixamo,extra,animations/extra/male-dynamic-pose,no,yes,yes,FILE EXISTS BUT NOT REFERENCED IN clipCatalog WEAPON_SETS/GLOBAL/TRAVERSAL,animations/extra/male-dynamic-pose,READY_TO_WIRE,P1,LoopOnce,ON_DEMAND,"Add a controller mapping, then play-test hip and XZ locking."
pushing,1.3333,21,not_played_unverified,not_played_unverified,other,NONE_ORPHAN,ORPHAN_NOT_IN_WEAPON_SETS_OR_GLOBAL,local:public/anim,orphan_on_disk_loads,mixamo,extra,animations/extra/pushing,no,yes,yes,FILE EXISTS BUT NOT REFERENCED IN clipCatalog WEAPON_SETS/GLOBAL/TRAVERSAL,animations/extra/pushing,READY_TO_WIRE,P1,LoopOnce,ON_DEMAND,"Add a controller mapping, then play-test hip and XZ locking."
start-swinging,2.0333,21,not_played_unverified,not_played_unverified,other,NONE_ORPHAN,ORPHAN_NOT_IN_WEAPON_SETS_OR_GLOBAL,local:public/anim,orphan_on_disk_loads,mixamo,extra,animations/extra/start-swinging,no,yes,yes,FILE EXISTS BUT NOT REFERENCED IN clipCatalog WEAPON_SETS/GLOBAL/TRAVERSAL,animations/extra/start-swinging,READY_TO_WIRE,P1,LoopOnce,ON_DEMAND,"Add a controller mapping, then play-test hip and XZ locking."
jump,2.0000,21,not_played_unverified,not_played_unverified,acrobatics,NONE_ORPHAN,ORPHAN_NOT_IN_WEAPON_SETS_OR_GLOBAL,local:public/anim,orphan_on_disk_loads,mixamo,pistol,animations/pistol/jump,no,yes,yes,FILE EXISTS BUT NOT REFERENCED IN clipCatalog WEAPON_SETS/GLOBAL/TRAVERSAL,animations/pistol/jump,READY_TO_WIRE,P1,LoopOnce,ON_DEMAND,"Add a controller mapping, then play-test hip and XZ locking."
jump-2,0.8000,21,not_played_unverified,not_played_unverified,acrobatics,NONE_ORPHAN,ORPHAN_NOT_IN_WEAPON_SETS_OR_GLOBAL,local:public/anim,orphan_on_disk_loads,mixamo,pistol,animations/pistol/jump-2,no,yes,yes,FILE EXISTS BUT NOT REFERENCED IN clipCatalog WEAPON_SETS/GLOBAL/TRAVERSAL,animations/pistol/jump-2,READY_TO_WIRE,P1,LoopOnce,ON_DEMAND,"Add a controller mapping, then play-test hip and XZ locking."
kneel-to-stand,1.3667,21,not_played_unverified,not_played_unverified,idle,NONE_ORPHAN,ORPHAN_NOT_IN_WEAPON_SETS_OR_GLOBAL,local:public/anim,orphan_on_disk_loads,mixamo,pistol,animations/pistol/kneel-to-stand,no,yes,yes,FILE EXISTS BUT NOT REFERENCED IN clipCatalog WEAPON_SETS/GLOBAL/TRAVERSAL,animations/pistol/kneel-to-stand,READY_TO_WIRE,P1,LoopRepeat,CORE_PRELOAD,"Add a controller mapping, then play-test hip and XZ locking."
run-backward-arc-left,0.5000,21,not_played_unverified,not_played_unverified,locomotion,NONE_ORPHAN,ORPHAN_NOT_IN_WEAPON_SETS_OR_GLOBAL,local:public/anim,orphan_on_disk_loads,mixamo,pistol,animations/pistol/run-backward-arc-left,no,yes,yes,FILE EXISTS BUT NOT REFERENCED IN clipCatalog WEAPON_SETS/GLOBAL/TRAVERSAL,animations/pistol/run-backward-arc-left,READY_TO_WIRE,P1,LoopRepeat,CORE_PRELOAD,"Add a controller mapping, then play-test hip and XZ locking."
run-backward-arc-right,0.5000,21,not_played_unverified,not_played_unverified,locomotion,NONE_ORPHAN,ORPHAN_NOT_IN_WEAPON_SETS_OR_GLOBAL,local:public/anim,orphan_on_disk_loads,mixamo,pistol,animations/pistol/run-backward-arc-right,no,yes,yes,FILE EXISTS BUT NOT REFERENCED IN clipCatalog WEAPON_SETS/GLOBAL/TRAVERSAL,animations/pistol/run-backward-arc-right,READY_TO_WIRE,P1,LoopRepeat,CORE_PRELOAD,"Add a controller mapping, then play-test hip and XZ locking."
stand-to-kneel,1.0000,21,not_played_unverified,not_played_unverified,idle,NONE_ORPHAN,ORPHAN_NOT_IN_WEAPON_SETS_OR_GLOBAL,local:public/anim,orphan_on_disk_loads,mixamo,pistol,animations/pistol/stand-to-kneel,no,yes,yes,FILE EXISTS BUT NOT REFERENCED IN clipCatalog WEAPON_SETS/GLOBAL/TRAVERSAL,animations/pistol/stand-to-kneel,READY_TO_WIRE,P1,LoopRepeat,CORE_PRELOAD,"Add a controller mapping, then play-test hip and XZ locking."
strafe-left,0.5667,21,not_played_unverified,not_played_unverified,locomotion,NONE_ORPHAN,ORPHAN_NOT_IN_WEAPON_SETS_OR_GLOBAL,local:public/anim,orphan_on_disk_loads,mixamo,pistol,animations/pistol/strafe-left,no,yes,yes,FILE EXISTS BUT NOT REFERENCED IN clipCatalog WEAPON_SETS/GLOBAL/TRAVERSAL,animations/pistol/strafe-left,READY_TO_WIRE,P1,LoopRepeat,CORE_PRELOAD,"Add a controller mapping, then play-test hip and XZ locking."
strafe-right,0.6000,21,not_played_unverified,not_played_unverified,locomotion,NONE_ORPHAN,ORPHAN_NOT_IN_WEAPON_SETS_OR_GLOBAL,local:public/anim,orphan_on_disk_loads,mixamo,pistol,animations/pistol/strafe-right,no,yes,yes,FILE EXISTS BUT NOT REFERENCED IN clipCatalog WEAPON_SETS/GLOBAL/TRAVERSAL,animations/pistol/strafe-right,READY_TO_WIRE,P1,LoopRepeat,CORE_PRELOAD,"Add a controller mapping, then play-test hip and XZ locking."
walk-backward-arc-left,0.6000,21,not_played_unverified,not_played_unverified,locomotion,NONE_ORPHAN,ORPHAN_NOT_IN_WEAPON_SETS_OR_GLOBAL,local:public/anim,orphan_on_disk_loads,mixamo,pistol,animations/pistol/walk-backward-arc-left,no,yes,yes,FILE EXISTS BUT NOT REFERENCED IN clipCatalog WEAPON_SETS/GLOBAL/TRAVERSAL,animations/pistol/walk-backward-arc-left,READY_TO_WIRE,P1,LoopRepeat,CORE_PRELOAD,"Add a controller mapping, then play-test hip and XZ locking."
walk-backward-arc-right,0.6000,21,not_played_unverified,not_played_unverified,locomotion,NONE_ORPHAN,ORPHAN_NOT_IN_WEAPON_SETS_OR_GLOBAL,local:public/anim,orphan_on_disk_loads,mixamo,pistol,animations/pistol/walk-backward-arc-right,no,yes,yes,FILE EXISTS BUT NOT REFERENCED IN clipCatalog WEAPON_SETS/GLOBAL/TRAVERSAL,animations/pistol/walk-backward-arc-right,READY_TO_WIRE,P1,LoopRepeat,CORE_PRELOAD,"Add a controller mapping, then play-test hip and XZ locking."
idle-aiming,2.1000,21,not_played_unverified,not_played_unverified,idle,NONE_ORPHAN,ORPHAN_NOT_IN_WEAPON_SETS_OR_GLOBAL,local:public/anim,orphan_on_disk_loads,mixamo,rifle,animations/rifle/idle-aiming,no,yes,yes,FILE EXISTS BUT NOT REFERENCED IN clipCatalog WEAPON_SETS/GLOBAL/TRAVERSAL,animations/rifle/idle-aiming,READY_TO_WIRE,P1,LoopRepeat,CORE_PRELOAD,"Add a controller mapping, then play-test hip and XZ locking."
Flip_Kick,2.8000,21,not_played_unverified,not_played_unverified,attack,NONE_ORPHAN,ORPHAN_NOT_IN_WEAPON_SETS_OR_GLOBAL,local:public/anim,orphan_on_disk_loads,mixamo,striker,animations/striker/Flip_Kick,no,yes,yes,FILE EXISTS BUT NOT REFERENCED IN clipCatalog WEAPON_SETS/GLOBAL/TRAVERSAL,animations/striker/flip_kick,READY_TO_WIRE,P1,LoopOnce,ON_DEMAND,"Add a controller mapping, then play-test hip and XZ locking."
slash-advance,2.5000,20,not_played_unverified,not_played_unverified,attack,NONE_ORPHAN,ORPHAN_NOT_IN_WEAPON_SETS_OR_GLOBAL,local:public/anim,orphan_on_disk_loads,mixamo,sword,animations/sword/slash-advance,no,yes,yes,FILE EXISTS BUT NOT REFERENCED IN clipCatalog WEAPON_SETS/GLOBAL/TRAVERSAL,animations/sword/slash-advance,READY_TO_WIRE,P1,LoopOnce,ON_DEMAND,"Add a controller mapping, then play-test hip and XZ locking."
block-react-large,1.3333,20,pipeline_locked_if_played,pipeline_locked_if_played,defense,global,global:{blockReactWide},local:public/anim,wired_and_loads,mixamo,block,animations/block/block-react-large,yes,yes,yes,Duration from FBXLoader; hip/XZ only locked when Studio plays via Animator,animations/block/block-react-large,READY,P3,LoopOnce,CORE_PRELOAD,Keep mapped; monitor transition quality and memory use.
great-sword-impact,0.8667,20,pipeline_locked_if_played,pipeline_locked_if_played,defense,global,global:{blockReactHeavy},local:public/anim,wired_and_loads,mixamo,block,animations/block/great-sword-impact,yes,yes,yes,Duration from FBXLoader; hip/XZ only locked when Studio plays via Animator,animations/block/great-sword-impact,READY,P3,LoopOnce,CORE_PRELOAD,Keep mapped; monitor transition quality and memory use.
left-block,1.5000,20,pipeline_locked_if_played,pipeline_locked_if_played,defense,global,global:{blockLeft},local:public/anim,wired_and_loads,mixamo,block,animations/block/left-block,yes,yes,yes,Duration from FBXLoader; hip/XZ only locked when Studio plays via Animator,animations/block/left-block,READY,P3,LoopOnce,CORE_PRELOAD,Keep mapped; monitor transition quality and memory use.
right-block,1.7000,20,pipeline_locked_if_played,pipeline_locked_if_played,defense,global,global:{blockRight},local:public/anim,wired_and_loads,mixamo,block,animations/block/right-block,yes,yes,yes,Duration from FBXLoader; hip/XZ only locked when Studio plays via Animator,animations/block/right-block,READY,P3,LoopOnce,CORE_PRELOAD,Keep mapped; monitor transition quality and memory use.
standing-block-idle,2.7667,20,pipeline_locked_if_played,pipeline_locked_if_played,defense,global,global:{blockGuard},local:public/anim,wired_and_loads,mixamo,block,animations/block/standing-block-idle,yes,yes,yes,Duration from FBXLoader; hip/XZ only locked when Studio plays via Animator,animations/block/standing-block-idle,READY,P3,LoopOnce,CORE_PRELOAD,Keep mapped; monitor transition quality and memory use.
standing-block-react-large,1.3333,20,pipeline_locked_if_played,pipeline_locked_if_played,defense,global,global:{blockReact},local:public/anim,wired_and_loads,mixamo,block,animations/block/standing-block-react-large,yes,yes,yes,Duration from FBXLoader; hip/XZ only locked when Studio plays via Animator,animations/block/standing-block-react-large,READY,P3,LoopOnce,CORE_PRELOAD,Keep mapped; monitor transition quality and memory use.
fall-a-land-to-standing-idle-01,0.7000,21,pipeline_locked_if_played,pipeline_locked_if_played,idle,universal,universal:{land},local:public/anim,wired_and_loads,mixamo,bow,animations/bow/fall-a-land-to-standing-idle-01,yes,yes,yes,Duration from FBXLoader; hip/XZ only locked when Studio plays via Animator,animations/bow/fall-a-land-to-standing-idle-01,READY,P3,LoopRepeat,CORE_PRELOAD,Keep mapped; monitor transition quality and memory use.
fall-a-loop,1.0667,21,pipeline_locked_if_played,pipeline_locked_if_played,acrobatics,universal,universal:{jumpAir},local:public/anim,wired_and_loads,mixamo,bow,animations/bow/fall-a-loop,yes,yes,yes,Duration from FBXLoader; hip/XZ only locked when Studio plays via Animator,animations/bow/fall-a-loop,READY,P3,LoopOnce,ON_DEMAND,Keep mapped; monitor transition quality and memory use.
shooting-arrow,5.0000,20,pipeline_locked_if_played,pipeline_locked_if_played,attack,bow,bow:{attack1},local:public/anim,wired_and_loads,mixamo,bow,animations/bow/shooting-arrow,yes,yes,yes,Duration from FBXLoader; hip/XZ only locked when Studio plays via Animator,animations/bow/shooting-arrow,READY,P3,LoopOnce,ON_DEMAND,Keep mapped; monitor transition quality and memory use.
standing-aim-overdraw,3.7667,21,pipeline_locked_if_played,pipeline_locked_if_played,idle,bow,bow:{aim},local:public/anim,wired_and_loads,mixamo,bow,animations/bow/standing-aim-overdraw,yes,yes,yes,Duration from FBXLoader; hip/XZ only locked when Studio plays via Animator,animations/bow/standing-aim-overdraw,READY,P3,LoopRepeat,CORE_PRELOAD,Keep mapped; monitor transition quality and memory use.
standing-aim-recoil,0.7000,21,pipeline_locked_if_played,pipeline_locked_if_played,idle,bow,bow:{release},local:public/anim,wired_and_loads,mixamo,bow,animations/bow/standing-aim-recoil,yes,yes,yes,Duration from FBXLoader; hip/XZ only locked when Studio plays via Animator,animations/bow/standing-aim-recoil,READY,P3,LoopRepeat,CORE_PRELOAD,Keep mapped; monitor transition quality and memory use.
standing-aim-walk-back,1.4667,21,pipeline_locked_if_played,pipeline_locked_if_played,idle,bow,bow:{walkB},local:public/anim,wired_and_loads,mixamo,bow,animations/bow/standing-aim-walk-back,yes,yes,yes,Duration from FBXLoader; hip/XZ only locked when Studio plays via Animator,animations/bow/standing-aim-walk-back,READY,P3,LoopRepeat,CORE_PRELOAD,Keep mapped; monitor transition quality and memory use.
standing-aim-walk-forward,1.2000,21,pipeline_locked_if_played,pipeline_locked_if_played,idle,bow,bow:{walkF},local:public/anim,wired_and_loads,mixamo,bow,animations/bow/standing-aim-walk-forward,yes,yes,yes,Duration from FBXLoader; hip/XZ only locked when Studio plays via Animator,animations/bow/standing-aim-walk-forward,READY,P3,LoopRepeat,CORE_PRELOAD,Keep mapped; monitor transition quality and memory use.
standing-aim-walk-left,1.2000,21,pipeline_locked_if_played,pipeline_locked_if_played,idle,bow,bow:{walkL},local:public/anim,wired_and_loads,mixamo,bow,animations/bow/standing-aim-walk-left,yes,yes,yes,Duration from FBXLoader; hip/XZ only locked when Studio plays via Animator,animations/bow/standing-aim-walk-left,READY,P3,LoopRepeat,CORE_PRELOAD,Keep mapped; monitor transition quality and memory use.
standing-aim-walk-right,1.3000,21,pipeline_locked_if_played,pipeline_locked_if_played,idle,bow,bow:{walkR},local:public/anim,wired_and_loads,mixamo,bow,animations/bow/standing-aim-walk-right,yes,yes,yes,Duration from FBXLoader; hip/XZ only locked when Studio plays via Animator,animations/bow/standing-aim-walk-right,READY,P3,LoopRepeat,CORE_PRELOAD,Keep mapped; monitor transition quality and memory use.
standing-block,2.0000,21,pipeline_locked_if_played,pipeline_locked_if_played,defense,knife,knife:{blockStart+blockIdle},local:public/anim,wired_and_loads,mixamo,bow,animations/bow/standing-block,yes,yes,yes,Duration from FBXLoader; hip/XZ only locked when Studio plays via Animator,animations/bow/standing-block,READY,P3,LoopOnce,CORE_PRELOAD,Keep mapped; monitor transition quality and memory use.
standing-death-forward-01,3.1667,21,pipeline_locked_if_played,pipeline_locked_if_played,reaction,bow|knife|unarmed,unarmed:{death} | knife:{death} | bow:{death},local:public/anim,wired_and_loads,mixamo,bow,animations/bow/standing-death-forward-01,yes,yes,yes,Duration from FBXLoader; hip/XZ only locked when Studio plays via Animator,animations/bow/standing-death-forward-01,READY,P3,LoopOnce,CORE_PRELOAD,Keep mapped; monitor transition quality and memory use.
standing-disarm-bow,1.1000,21,pipeline_locked_if_played,pipeline_locked_if_played,weapon_handling,bow,bow:{disarm},local:public/anim,wired_and_loads,mixamo,bow,animations/bow/standing-disarm-bow,yes,yes,yes,Duration from FBXLoader; hip/XZ only locked when Studio plays via Animator,animations/bow/standing-disarm-bow,READY,P3,LoopOnce,ON_DEMAND,Keep mapped; monitor transition quality and memory use.
standing-dive-forward,1.6333,21,pipeline_locked_if_played,pipeline_locked_if_played,dodge,universal,universal:{dash},local:public/anim,wired_and_loads,mixamo,bow,animations/bow/standing-dive-forward,yes,yes,yes,Duration from FBXLoader; hip/XZ only locked when Studio plays via Animator,animations/bow/standing-dive-forward,READY,P3,LoopOnce,CORE_PRELOAD,Keep mapped; monitor transition quality and memory use.
standing-dodge-backward,1.6333,21,pipeline_locked_if_played,pipeline_locked_if_played,dodge,universal,universal:{dodgeB},local:public/anim,wired_and_loads,mixamo,bow,animations/bow/standing-dodge-backward,yes,yes,yes,Duration from FBXLoader; hip/XZ only locked when Studio plays via Animator,animations/bow/standing-dodge-backward,READY,P3,LoopOnce,CORE_PRELOAD,Keep mapped; monitor transition quality and memory use.
standing-dodge-forward,1.0000,21,pipeline_locked_if_played,pipeline_locked_if_played,dodge,universal,universal:{dodgeF},local:public/anim,wired_and_loads,mixamo,bow,animations/bow/standing-dodge-forward,yes,yes,yes,Duration from FBXLoader; hip/XZ only locked when Studio plays via Animator,animations/bow/standing-dodge-forward,READY,P3,LoopOnce,CORE_PRELOAD,Keep mapped; monitor transition quality and memory use.
standing-dodge-left,0.9667,21,pipeline_locked_if_played,pipeline_locked_if_played,dodge,universal,universal:{dodgeL},local:public/anim,wired_and_loads,mixamo,bow,animations/bow/standing-dodge-left,yes,yes,yes,Duration from FBXLoader; hip/XZ only locked when Studio plays via Animator,animations/bow/standing-dodge-left,READY,P3,LoopOnce,CORE_PRELOAD,Keep mapped; monitor transition quality and memory use.
standing-dodge-right,0.9667,21,pipeline_locked_if_played,pipeline_locked_if_played,dodge,universal,universal:{dodgeR},local:public/anim,wired_and_loads,mixamo,bow,animations/bow/standing-dodge-right,yes,yes,yes,Duration from FBXLoader; hip/XZ only locked when Studio plays via Animator,animations/bow/standing-dodge-right,READY,P3,LoopOnce,CORE_PRELOAD,Keep mapped; monitor transition quality and memory use.
standing-draw-arrow,1.0333,21,pipeline_locked_if_played,pipeline_locked_if_played,weapon_handling,bow,bow:{drawArrow},local:public/anim,wired_and_loads,mixamo,bow,animations/bow/standing-draw-arrow,yes,yes,yes,Duration from FBXLoader; hip/XZ only locked when Studio plays via Animator,animations/bow/standing-draw-arrow,READY,P3,LoopOnce,ON_DEMAND,Keep mapped; monitor transition quality and memory use.
standing-equip-bow,0.9000,21,pipeline_locked_if_played,pipeline_locked_if_played,weapon_handling,bow,bow:{equip},local:public/anim,wired_and_loads,mixamo,bow,animations/bow/standing-equip-bow,yes,yes,yes,Duration from FBXLoader; hip/XZ only locked when Studio plays via Animator,animations/bow/standing-equip-bow,READY,P3,LoopOnce,ON_DEMAND,Keep mapped; monitor transition quality and memory use.
standing-idle-01,5.1000,21,pipeline_locked_if_played,pipeline_locked_if_played,idle,bow|unarmed,bow:{idle+idles} | unarmed:{idles},local:public/anim,wired_and_loads,mixamo,bow,animations/bow/standing-idle-01,yes,yes,yes,Duration from FBXLoader; hip/XZ only locked when Studio plays via Animator,animations/bow/standing-idle-01,READY,P3,LoopRepeat,CORE_PRELOAD,Keep mapped; monitor transition quality and memory use.
standing-melee-punch,1.0000,21,pipeline_locked_if_played,pipeline_locked_if_played,attack,unarmed,unarmed:{attack1},local:public/anim,wired_and_loads,mixamo,bow,animations/bow/standing-melee-punch,yes,yes,yes,Duration from FBXLoader; hip/XZ only locked when Studio plays via Animator,animations/bow/standing-melee-punch,READY,P3,LoopOnce,ON_DEMAND,Keep mapped; monitor transition quality and memory use.
standing-react-small-from-front,1.2667,21,pipeline_locked_if_played,pipeline_locked_if_played,reaction,bow|knife|pistol|unarmed,unarmed:{hit} | knife:{hit} | pistol:{hit} | bow:{hit},local:public/anim,wired_and_loads,mixamo,bow,animations/bow/standing-react-small-from-front,yes,yes,yes,Duration from FBXLoader; hip/XZ only locked when Studio plays via Animator,animations/bow/standing-react-small-from-front,READY,P3,LoopOnce,CORE_PRELOAD,Keep mapped; monitor transition quality and memory use.
standing-run-back,0.6667,21,pipeline_locked_if_played,pipeline_locked_if_played,locomotion,universal,universal:{runB},local:public/anim,wired_and_loads,mixamo,bow,animations/bow/standing-run-back,yes,yes,yes,Duration from FBXLoader; hip/XZ only locked when Studio plays via Animator,animations/bow/standing-run-back,READY,P3,LoopRepeat,CORE_PRELOAD,Keep mapped; monitor transition quality and memory use.
standing-run-forward,0.8667,21,pipeline_locked_if_played,pipeline_locked_if_played,locomotion,universal,universal:{runF},local:public/anim,wired_and_loads,mixamo,bow,animations/bow/standing-run-forward,yes,yes,yes,Duration from FBXLoader; hip/XZ only locked when Studio plays via Animator,animations/bow/standing-run-forward,READY,P3,LoopRepeat,CORE_PRELOAD,Keep mapped; monitor transition quality and memory use.
standing-run-left,0.6667,21,pipeline_locked_if_played,pipeline_locked_if_played,locomotion,universal,universal:{runL},local:public/anim,wired_and_loads,mixamo,bow,animations/bow/standing-run-left,yes,yes,yes,Duration from FBXLoader; hip/XZ only locked when Studio plays via Animator,animations/bow/standing-run-left,READY,P3,LoopRepeat,CORE_PRELOAD,Keep mapped; monitor transition quality and memory use.
standing-run-right,0.7667,21,pipeline_locked_if_played,pipeline_locked_if_played,locomotion,universal,universal:{runR},local:public/anim,wired_and_loads,mixamo,bow,animations/bow/standing-run-right,yes,yes,yes,Duration from FBXLoader; hip/XZ only locked when Studio plays via Animator,animations/bow/standing-run-right,READY,P3,LoopRepeat,CORE_PRELOAD,Keep mapped; monitor transition quality and memory use.
standing-turn-90-left,1.2667,21,pipeline_locked_if_played,pipeline_locked_if_played,locomotion,bow|unarmed,unarmed:{turnL} | bow:{turnL},local:public/anim,wired_and_loads,mixamo,bow,animations/bow/standing-turn-90-left,yes,yes,yes,Duration from FBXLoader; hip/XZ only locked when Studio plays via Animator,animations/bow/standing-turn-90-left,READY,P3,LoopRepeat,CORE_PRELOAD,Keep mapped; monitor transition quality and memory use.
standing-turn-90-right,1.1000,21,pipeline_locked_if_played,pipeline_locked_if_played,locomotion,bow|unarmed,unarmed:{turnR} | bow:{turnR},local:public/anim,wired_and_loads,mixamo,bow,animations/bow/standing-turn-90-right,yes,yes,yes,Duration from FBXLoader; hip/XZ only locked when Studio plays via Animator,animations/bow/standing-turn-90-right,READY,P3,LoopRepeat,CORE_PRELOAD,Keep mapped; monitor transition quality and memory use.
standing-walk-back,1.4667,21,pipeline_locked_if_played,pipeline_locked_if_played,locomotion,universal,universal:{walkB},local:public/anim,wired_and_loads,mixamo,bow,animations/bow/standing-walk-back,yes,yes,yes,Duration from FBXLoader; hip/XZ only locked when Studio plays via Animator,animations/bow/standing-walk-back,READY,P3,LoopRepeat,CORE_PRELOAD,Keep mapped; monitor transition quality and memory use.
standing-walk-forward,1.2000,21,pipeline_locked_if_played,pipeline_locked_if_played,locomotion,universal,universal:{walkF},local:public/anim,wired_and_loads,mixamo,bow,animations/bow/standing-walk-forward,yes,yes,yes,Duration from FBXLoader; hip/XZ only locked when Studio plays via Animator,animations/bow/standing-walk-forward,READY,P3,LoopRepeat,CORE_PRELOAD,Keep mapped; monitor transition quality and memory use.
standing-walk-left,1.2000,21,pipeline_locked_if_played,pipeline_locked_if_played,locomotion,universal,universal:{walkL},local:public/anim,wired_and_loads,mixamo,bow,animations/bow/standing-walk-left,yes,yes,yes,Duration from FBXLoader; hip/XZ only locked when Studio plays via Animator,animations/bow/standing-walk-left,READY,P3,LoopRepeat,CORE_PRELOAD,Keep mapped; monitor transition quality and memory use.
standing-walk-right,1.2000,21,pipeline_locked_if_played,pipeline_locked_if_played,locomotion,universal,universal:{walkR},local:public/anim,wired_and_loads,mixamo,bow,animations/bow/standing-walk-right,yes,yes,yes,Duration from FBXLoader; hip/XZ only locked when Studio plays via Animator,animations/bow/standing-walk-right,READY,P3,LoopRepeat,CORE_PRELOAD,Keep mapped; monitor transition quality and memory use.
unarmed-idle-01,5.1000,21,pipeline_locked_if_played,pipeline_locked_if_played,idle,bow|unarmed|universal,universal:{idle} | unarmed:{idles} | bow:{idles},local:public/anim,wired_and_loads,mixamo,bow,animations/bow/unarmed-idle-01,yes,yes,yes,Duration from FBXLoader; hip/XZ only locked when Studio plays via Animator,animations/bow/unarmed-idle-01,READY,P3,LoopRepeat,CORE_PRELOAD,Keep mapped; monitor transition quality and memory use.
climbing-down-wall,2.0000,21,pipeline_locked_if_played,pipeline_locked_if_played,acrobatics,climb,traversal:{back},local:public/anim,wired_and_loads,mixamo,climb,animations/climb/climbing-down-wall,yes,yes,yes,Duration from FBXLoader; hip/XZ only locked when Studio plays via Animator,animations/climb/climbing-down-wall,READY,P3,LoopOnce,ON_DEMAND,Keep mapped; monitor transition quality and memory use.
climbing-to-top,4.0000,21,pipeline_locked_if_played,pipeline_locked_if_played,acrobatics,global,global:{mantle},local:public/anim,wired_and_loads,mixamo,climb,animations/climb/climbing-to-top,yes,yes,yes,Duration from FBXLoader; hip/XZ only locked when Studio plays via Animator,animations/climb/climbing-to-top,READY,P3,LoopOnce,ON_DEMAND,Keep mapped; monitor transition quality and memory use.
climbing-up-wall,2.0000,21,pipeline_locked_if_played,pipeline_locked_if_played,acrobatics,climb,traversal:{forward},local:public/anim,wired_and_loads,mixamo,climb,animations/climb/climbing-up-wall,yes,yes,yes,Duration from FBXLoader; hip/XZ only locked when Studio plays via Animator,animations/climb/climbing-up-wall,READY,P3,LoopOnce,ON_DEMAND,Keep mapped; monitor transition quality and memory use.
freehang-climb,3.8667,20,pipeline_locked_if_played,pipeline_locked_if_played,idle,climb,traversal:{idle},local:public/anim,wired_and_loads,mixamo,climb,animations/climb/freehang-climb,yes,yes,yes,Duration from FBXLoader; hip/XZ only locked when Studio plays via Animator,animations/climb/freehang-climb,READY,P3,LoopRepeat,CORE_PRELOAD,Keep mapped; monitor transition quality and memory use.
aerial-evade,3.6667,21,pipeline_locked_if_played,pipeline_locked_if_played,dodge,universal,universal:{airDodge},local:public/anim,wired_and_loads,mixamo,extra,animations/extra/aerial-evade,yes,yes,yes,Duration from FBXLoader; hip/XZ only locked when Studio plays via Animator,animations/extra/aerial-evade,READY,P3,LoopOnce,CORE_PRELOAD,Keep mapped; monitor transition quality and memory use.
aim-idle,3.7667,20,pipeline_locked_if_played,pipeline_locked_if_played,idle,pistol,pistol:{aim},local:public/anim,wired_and_loads,mixamo,extra,animations/extra/aim-idle,yes,yes,yes,Duration from FBXLoader; hip/XZ only locked when Studio plays via Animator,animations/extra/aim-idle,READY,P3,LoopRepeat,CORE_PRELOAD,Keep mapped; monitor transition quality and memory use.
backwards-jump,0.9333,20,pipeline_locked_if_played,pipeline_locked_if_played,acrobatics,global,global:{backJump},local:public/anim,wired_and_loads,mixamo,extra,animations/extra/backwards-jump,yes,yes,yes,Duration from FBXLoader; hip/XZ only locked when Studio plays via Animator,animations/extra/backwards-jump,READY,P3,LoopOnce,ON_DEMAND,Keep mapped; monitor transition quality and memory use.
baseball-hit,2.9000,21,pipeline_locked_if_played,pipeline_locked_if_played,reaction,global,global:{stumble},local:public/anim,wired_and_loads,mixamo,extra,animations/extra/baseball-hit,yes,yes,yes,Duration from FBXLoader; hip/XZ only locked when Studio plays via Animator,animations/extra/baseball-hit,READY,P3,LoopOnce,CORE_PRELOAD,Keep mapped; monitor transition quality and memory use.
butterfly-twirl,3.0667,21,pipeline_locked_if_played,pipeline_locked_if_played,acrobatics,universal,universal:{butterflyTwirl},local:public/anim,wired_and_loads,mixamo,extra,animations/extra/butterfly-twirl,yes,yes,yes,Duration from FBXLoader; hip/XZ only locked when Studio plays via Animator,animations/extra/butterfly-twirl,READY,P3,LoopOnce,ON_DEMAND,Keep mapped; monitor transition quality and memory use.
corkscrew-evade,2.5000,21,pipeline_locked_if_played,pipeline_locked_if_played,dodge,universal,universal:{corkscrewEvade},local:public/anim,wired_and_loads,mixamo,extra,animations/extra/corkscrew-evade,yes,yes,yes,Duration from FBXLoader; hip/XZ only locked when Studio plays via Animator,animations/extra/corkscrew-evade,READY,P3,LoopOnce,CORE_PRELOAD,Keep mapped; monitor transition quality and memory use.
corkscrew-kip-up,2.7667,21,pipeline_locked_if_played,pipeline_locked_if_played,reaction,pistol,pistol:{kipUp},local:public/anim,wired_and_loads,mixamo,extra,animations/extra/corkscrew-kip-up,yes,yes,yes,Duration from FBXLoader; hip/XZ only locked when Studio plays via Animator,animations/extra/corkscrew-kip-up,READY,P3,LoopOnce,CORE_PRELOAD,Keep mapped; monitor transition quality and memory use.
crouch-to-sprint,0.5000,20,pipeline_locked_if_played,pipeline_locked_if_played,dodge,greataxe|greatsword|mace2h,greatsword:{dash} | greataxe:{dash} | mace2h:{dash},local:public/anim,wired_and_loads,mixamo,extra,animations/extra/crouch-to-sprint,yes,yes,yes,Duration from FBXLoader; hip/XZ only locked when Studio plays via Animator,animations/extra/crouch-to-sprint,READY,P3,LoopOnce,CORE_PRELOAD,Keep mapped; monitor transition quality and memory use.
evading-a-threat,3.7000,20,pipeline_locked_if_played,pipeline_locked_if_played,dodge,global,global:{evadeThreat},local:public/anim,wired_and_loads,mixamo,extra,animations/extra/evading-a-threat,yes,yes,yes,Duration from FBXLoader; hip/XZ only locked when Studio plays via Animator,animations/extra/evading-a-threat,READY,P3,LoopOnce,CORE_PRELOAD,Keep mapped; monitor transition quality and memory use.
front-flip,1.1333,21,pipeline_locked_if_played,pipeline_locked_if_played,acrobatics,universal,universal:{frontFlip},local:public/anim,wired_and_loads,mixamo,extra,animations/extra/front-flip,yes,yes,yes,Duration from FBXLoader; hip/XZ only locked when Studio plays via Animator,animations/extra/front-flip,READY,P3,LoopOnce,ON_DEMAND,Keep mapped; monitor transition quality and memory use.
front-twist-flip,2.2000,21,pipeline_locked_if_played,pipeline_locked_if_played,acrobatics,universal,universal:{twistFlip},local:public/anim,wired_and_loads,mixamo,extra,animations/extra/front-twist-flip,yes,yes,yes,Duration from FBXLoader; hip/XZ only locked when Studio plays via Animator,animations/extra/front-twist-flip,READY,P3,LoopOnce,ON_DEMAND,Keep mapped; monitor transition quality and memory use.
grenade-throw,2.7667,21,pipeline_locked_if_played,pipeline_locked_if_played,utility,global,global:{throw},local:public/anim,wired_and_loads,mixamo,extra,animations/extra/grenade-throw,yes,yes,yes,Duration from FBXLoader; hip/XZ only locked when Studio plays via Animator,animations/extra/grenade-throw,READY,P3,LoopOnce,ON_DEMAND,Keep mapped; monitor transition quality and memory use.
hurricane-kick,1.8333,21,pipeline_locked_if_played,pipeline_locked_if_played,attack,unarmed,unarmed:{hurricaneKick},local:public/anim,wired_and_loads,mixamo,extra,animations/extra/hurricane-kick,yes,yes,yes,Duration from FBXLoader; hip/XZ only locked when Studio plays via Animator,animations/extra/hurricane-kick,READY,P3,LoopOnce,ON_DEMAND,Keep mapped; monitor transition quality and memory use.
illegal-headbutt,2.2333,20,pipeline_locked_if_played,pipeline_locked_if_played,attack,global,global:{headbutt},local:public/anim,wired_and_loads,mixamo,extra,animations/extra/illegal-headbutt,yes,yes,yes,Duration from FBXLoader; hip/XZ only locked when Studio plays via Animator,animations/extra/illegal-headbutt,READY,P3,LoopOnce,ON_DEMAND,Keep mapped; monitor transition quality and memory use.
intoout,1.6667,20,pipeline_locked_if_played,pipeline_locked_if_played,defense,bow,bow:{blockStart+blockIdle},local:public/anim,wired_and_loads,mixamo,extra,animations/extra/intoout,yes,yes,yes,Duration from FBXLoader; hip/XZ only locked when Studio plays via Animator,animations/extra/intoout,READY,P3,LoopOnce,CORE_PRELOAD,Keep mapped; monitor transition quality and memory use.
jump-away,2.6333,20,pipeline_locked_if_played,pipeline_locked_if_played,dodge,greataxe|greatsword|mace2h,greatsword:{dodgeB} | greataxe:{dodgeB} | mace2h:{dodgeB},local:public/anim,wired_and_loads,mixamo,extra,animations/extra/jump-away,yes,yes,yes,Duration from FBXLoader; hip/XZ only locked when Studio plays via Animator,animations/extra/jump-away,READY,P3,LoopOnce,CORE_PRELOAD,Keep mapped; monitor transition quality and memory use.
jump-up,2.3000,20,pipeline_locked_if_played,pipeline_locked_if_played,acrobatics,greatsword|mace2h|spear,greatsword:{jumpAir} | spear:{jumpAir} | mace2h:{jumpAir},local:public/anim,wired_and_loads,mixamo,extra,animations/extra/jump-up,yes,yes,yes,Duration from FBXLoader; hip/XZ only locked when Studio plays via Animator,animations/extra/jump-up,READY,P3,LoopOnce,ON_DEMAND,Keep mapped; monitor transition quality and memory use.
jumping-down,3.2333,20,pipeline_locked_if_played,pipeline_locked_if_played,acrobatics,global,global:{jumpDown},local:public/anim,wired_and_loads,mixamo,extra,animations/extra/jumping-down,yes,yes,yes,Duration from FBXLoader; hip/XZ only locked when Studio plays via Animator,animations/extra/jumping-down,READY,P3,LoopOnce,ON_DEMAND,Keep mapped; monitor transition quality and memory use.
left-side-step,0.8333,20,pipeline_locked_if_played,pipeline_locked_if_played,dodge,global,global:{sideStepL},local:public/anim,wired_and_loads,mixamo,extra,animations/extra/left-side-step,yes,yes,yes,Duration from FBXLoader; hip/XZ only locked when Studio plays via Animator,animations/extra/left-side-step,READY,P3,LoopOnce,CORE_PRELOAD,Keep mapped; monitor transition quality and memory use.
long-backward-jump,1.6667,20,pipeline_locked_if_played,pipeline_locked_if_played,acrobatics,global,global:{longBackJump},local:public/anim,wired_and_loads,mixamo,extra,animations/extra/long-backward-jump,yes,yes,yes,Duration from FBXLoader; hip/XZ only locked when Studio plays via Animator,animations/extra/long-backward-jump,READY,P3,LoopOnce,ON_DEMAND,Keep mapped; monitor transition quality and memory use.
quick-roll-to-run,1.4000,21,pipeline_locked_if_played,pipeline_locked_if_played,dodge,unarmed,unarmed:{dash},local:public/anim,wired_and_loads,mixamo,extra,animations/extra/quick-roll-to-run,yes,yes,yes,Duration from FBXLoader; hip/XZ only locked when Studio plays via Animator,animations/extra/quick-roll-to-run,READY,P3,LoopOnce,CORE_PRELOAD,Keep mapped; monitor transition quality and memory use.
right-pivot,1.2333,20,pipeline_locked_if_played,pipeline_locked_if_played,other,global,global:{pivotR},local:public/anim,wired_and_loads,mixamo,extra,animations/extra/right-pivot,yes,yes,yes,Duration from FBXLoader; hip/XZ only locked when Studio plays via Animator,animations/extra/right-pivot,READY,P3,LoopOnce,ON_DEMAND,Keep mapped; monitor transition quality and memory use.
run-jump-attack,3.6667,20,pipeline_locked_if_played,pipeline_locked_if_played,attack,greataxe|knife,knife:{jumpAttack} | greataxe:{skill},local:public/anim,wired_and_loads,mixamo,extra,animations/extra/run-jump-attack,yes,yes,yes,Duration from FBXLoader; hip/XZ only locked when Studio plays via Animator,animations/extra/run-jump-attack,READY,P3,LoopOnce,ON_DEMAND,Keep mapped; monitor transition quality and memory use.
running-forward-flip,1.1000,20,pipeline_locked_if_played,pipeline_locked_if_played,locomotion,global,global:{runningFlip},local:public/anim,wired_and_loads,mixamo,extra,animations/extra/running-forward-flip,yes,yes,yes,Duration from FBXLoader; hip/XZ only locked when Studio plays via Animator,animations/extra/running-forward-flip,READY,P3,LoopRepeat,CORE_PRELOAD,Keep mapped; monitor transition quality and memory use.
running-slide,1.5333,21,pipeline_locked_if_played,pipeline_locked_if_played,locomotion,global,global:{slide},local:public/anim,wired_and_loads,mixamo,extra,animations/extra/running-slide,yes,yes,yes,Duration from FBXLoader; hip/XZ only locked when Studio plays via Animator,animations/extra/running-slide,READY,P3,LoopRepeat,CORE_PRELOAD,Keep mapped; monitor transition quality and memory use.
spinning,1.7000,21,pipeline_locked_if_played,pipeline_locked_if_played,dodge,universal,universal:{spinEvade},local:public/anim,wired_and_loads,mixamo,extra,animations/extra/spinning,yes,yes,yes,Duration from FBXLoader; hip/XZ only locked when Studio plays via Animator,animations/extra/spinning,READY,P3,LoopOnce,CORE_PRELOAD,Keep mapped; monitor transition quality and memory use.
stomp,1.8667,20,pipeline_locked_if_played,pipeline_locked_if_played,attack,global,global:{stomp},local:public/anim,wired_and_loads,mixamo,extra,animations/extra/stomp,yes,yes,yes,Duration from FBXLoader; hip/XZ only locked when Studio plays via Animator,animations/extra/stomp,READY,P3,LoopOnce,ON_DEMAND,Keep mapped; monitor transition quality and memory use.
stylish-flip,2.1333,20,pipeline_locked_if_played,pipeline_locked_if_played,acrobatics,global,global:{stylishFlip},local:public/anim,wired_and_loads,mixamo,extra,animations/extra/stylish-flip,yes,yes,yes,Duration from FBXLoader; hip/XZ only locked when Studio plays via Animator,animations/extra/stylish-flip,READY,P3,LoopOnce,ON_DEMAND,Keep mapped; monitor transition quality and memory use.
utility-kick,3.4000,21,pipeline_locked_if_played,pipeline_locked_if_played,attack,universal,universal:{utilityKick},local:public/anim,wired_and_loads,mixamo,extra,animations/extra/utility-kick,yes,yes,yes,Duration from FBXLoader; hip/XZ only locked when Studio plays via Animator,animations/extra/utility-kick,READY,P3,LoopOnce,ON_DEMAND,Keep mapped; monitor transition quality and memory use.
dig-and-plant-seeds,5.5000,21,pipeline_locked_if_played,pipeline_locked_if_played,traversal,global,global:{harvest},local:public/anim,wired_and_loads,mixamo,farming,animations/farming/dig-and-plant-seeds,yes,yes,yes,Duration from FBXLoader; hip/XZ only locked when Studio plays via Animator,animations/farming/dig-and-plant-seeds,READY,P3,LoopOnce,ON_DEMAND,Keep mapped; monitor transition quality and memory use.
pick-fruit,8.0000,21,pipeline_locked_if_played,pipeline_locked_if_played,traversal,global,global:{pick},local:public/anim,wired_and_loads,mixamo,farming,animations/farming/pick-fruit,yes,yes,yes,Duration from FBXLoader; hip/XZ only locked when Studio plays via Animator,animations/farming/pick-fruit,READY,P3,LoopOnce,ON_DEMAND,Keep mapped; monitor transition quality and memory use.
plant-tree,9.2667,21,pipeline_locked_if_played,pipeline_locked_if_played,traversal,global,global:{plantTree},local:public/anim,wired_and_loads,mixamo,farming,animations/farming/plant-tree,yes,yes,yes,Duration from FBXLoader; hip/XZ only locked when Studio plays via Animator,animations/farming/plant-tree,READY,P3,LoopOnce,ON_DEMAND,Keep mapped; monitor transition quality and memory use.
pull-plant,4.6667,21,pipeline_locked_if_played,pipeline_locked_if_played,traversal,global,global:{pullPlant},local:public/anim,wired_and_loads,mixamo,farming,animations/farming/pull-plant,yes,yes,yes,Duration from FBXLoader; hip/XZ only locked when Studio plays via Animator,animations/farming/pull-plant,READY,P3,LoopOnce,ON_DEMAND,Keep mapped; monitor transition quality and memory use.
watering,5.6000,21,pipeline_locked_if_played,pipeline_locked_if_played,traversal,global,global:{water},local:public/anim,wired_and_loads,mixamo,farming,animations/farming/watering,yes,yes,yes,Duration from FBXLoader; hip/XZ only locked when Studio plays via Animator,animations/farming/watering,READY,P3,LoopOnce,ON_DEMAND,Keep mapped; monitor transition quality and memory use.
acknowledging,1.9333,21,pipeline_locked_if_played,pipeline_locked_if_played,gesture,global,global:{gestureAcknowledge},local:public/anim,wired_and_loads,mixamo,gestures,animations/gestures/acknowledging,yes,yes,yes,Duration from FBXLoader; hip/XZ only locked when Studio plays via Animator,animations/gestures/acknowledging,READY_SHARED_CACHE_KEY,P2,LoopOnce,ON_DEMAND,Load this source once and reuse the cached clip for both catalog entries.
acknowledging,1.9333,22,pipeline_locked_if_played,pipeline_locked_if_played,gesture,global,global:{gestureAcknowledge},local:public/anim,wired_and_loads,mixamo,gestures,animations/gestures/acknowledging,yes,yes,yes,Duration from FBXLoader; hip/XZ only locked when Studio plays via Animator,animations/gestures/acknowledging,READY_SHARED_CACHE_KEY,P2,LoopOnce,ON_DEMAND,Load this source once and reuse the cached clip for both catalog entries.
being-cocky,2.1667,21,pipeline_locked_if_played,pipeline_locked_if_played,gesture,global,global:{gestureCocky},local:public/anim,wired_and_loads,mixamo,gestures,animations/gestures/being-cocky,yes,yes,yes,Duration from FBXLoader; hip/XZ only locked when Studio plays via Animator,animations/gestures/being-cocky,READY_SHARED_CACHE_KEY,P2,LoopOnce,ON_DEMAND,Load this source once and reuse the cached clip for both catalog entries.
being-cocky,2.1667,22,pipeline_locked_if_played,pipeline_locked_if_played,gesture,global,global:{gestureCocky},local:public/anim,wired_and_loads,mixamo,gestures,animations/gestures/being-cocky,yes,yes,yes,Duration from FBXLoader; hip/XZ only locked when Studio plays via Animator,animations/gestures/being-cocky,READY_SHARED_CACHE_KEY,P2,LoopOnce,ON_DEMAND,Load this source once and reuse the cached clip for both catalog entries.
dismissing-gesture,2.9667,21,pipeline_locked_if_played,pipeline_locked_if_played,gesture,global,global:{gestureDismiss},local:public/anim,wired_and_loads,mixamo,gestures,animations/gestures/dismissing-gesture,yes,yes,yes,Duration from FBXLoader; hip/XZ only locked when Studio plays via Animator,animations/gestures/dismissing-gesture,READY_SHARED_CACHE_KEY,P2,LoopOnce,ON_DEMAND,Load this source once and reuse the cached clip for both catalog entries.
dismissing-gesture,2.9667,22,pipeline_locked_if_played,pipeline_locked_if_played,gesture,global,global:{gestureDismiss},local:public/anim,wired_and_loads,mixamo,gestures,animations/gestures/dismissing-gesture,yes,yes,yes,Duration from FBXLoader; hip/XZ only locked when Studio plays via Animator,animations/gestures/dismissing-gesture,READY_SHARED_CACHE_KEY,P2,LoopOnce,ON_DEMAND,Load this source once and reuse the cached clip for both catalog entries.
happy-hand-gesture,2.5333,21,pipeline_locked_if_played,pipeline_locked_if_played,gesture,global,global:{gestureHappy},local:public/anim,wired_and_loads,mixamo,gestures,animations/gestures/happy-hand-gesture,yes,yes,yes,Duration from FBXLoader; hip/XZ only locked when Studio plays via Animator,animations/gestures/happy-hand-gesture,READY_SHARED_CACHE_KEY,P2,LoopOnce,ON_DEMAND,Load this source once and reuse the cached clip for both catalog entries.
happy-hand-gesture,2.5333,22,pipeline_locked_if_played,pipeline_locked_if_played,gesture,global,global:{gestureHappy},local:public/anim,wired_and_loads,mixamo,gestures,animations/gestures/happy-hand-gesture,yes,yes,yes,Duration from FBXLoader; hip/XZ only locked when Studio plays via Animator,animations/gestures/happy-hand-gesture,READY_SHARED_CACHE_KEY,P2,LoopOnce,ON_DEMAND,Load this source once and reuse the cached clip for both catalog entries.
look-away-gesture,2.3333,21,pipeline_locked_if_played,pipeline_locked_if_played,gesture,global,global:{gestureLookAway},local:public/anim,wired_and_loads,mixamo,gestures,animations/gestures/look-away-gesture,yes,yes,yes,Duration from FBXLoader; hip/XZ only locked when Studio plays via Animator,animations/gestures/look-away-gesture,READY_SHARED_CACHE_KEY,P2,LoopOnce,ON_DEMAND,Load this source once and reuse the cached clip for both catalog entries.
look-away-gesture,2.3333,22,pipeline_locked_if_played,pipeline_locked_if_played,gesture,global,global:{gestureLookAway},local:public/anim,wired_and_loads,mixamo,gestures,animations/gestures/look-away-gesture,yes,yes,yes,Duration from FBXLoader; hip/XZ only locked when Studio plays via Animator,animations/gestures/look-away-gesture,READY_SHARED_CACHE_KEY,P2,LoopOnce,ON_DEMAND,Load this source once and reuse the cached clip for both catalog entries.
relieved-sigh,3.0000,21,pipeline_locked_if_played,pipeline_locked_if_played,gesture,global,global:{gestureRelievedSigh},local:public/anim,wired_and_loads,mixamo,gestures,animations/gestures/relieved-sigh,yes,yes,yes,Duration from FBXLoader; hip/XZ only locked when Studio plays via Animator,animations/gestures/relieved-sigh,READY_SHARED_CACHE_KEY,P2,LoopOnce,ON_DEMAND,Load this source once and reuse the cached clip for both catalog entries.
relieved-sigh,3.0000,22,pipeline_locked_if_played,pipeline_locked_if_played,gesture,global,global:{gestureRelievedSigh},local:public/anim,wired_and_loads,mixamo,gestures,animations/gestures/relieved-sigh,yes,yes,yes,Duration from FBXLoader; hip/XZ only locked when Studio plays via Animator,animations/gestures/relieved-sigh,READY_SHARED_CACHE_KEY,P2,LoopOnce,ON_DEMAND,Load this source once and reuse the cached clip for both catalog entries.
thoughtful-head-shake,2.9667,21,pipeline_locked_if_played,pipeline_locked_if_played,gesture,global,global:{gestureHeadShake},local:public/anim,wired_and_loads,mixamo,gestures,animations/gestures/thoughtful-head-shake,yes,yes,yes,Duration from FBXLoader; hip/XZ only locked when Studio plays via Animator,animations/gestures/thoughtful-head-shake,READY_SHARED_CACHE_KEY,P2,LoopOnce,ON_DEMAND,Load this source once and reuse the cached clip for both catalog entries.
thoughtful-head-shake,2.9667,22,pipeline_locked_if_played,pipeline_locked_if_played,gesture,global,global:{gestureHeadShake},local:public/anim,wired_and_loads,mixamo,gestures,animations/gestures/thoughtful-head-shake,yes,yes,yes,Duration from FBXLoader; hip/XZ only locked when Studio plays via Animator,animations/gestures/thoughtful-head-shake,READY_SHARED_CACHE_KEY,P2,LoopOnce,ON_DEMAND,Load this source once and reuse the cached clip for both catalog entries.
weight-shift,9.4333,21,pipeline_locked_if_played,pipeline_locked_if_played,gesture,global,global:{gestureWeightShift},local:public/anim,wired_and_loads,mixamo,gestures,animations/gestures/weight-shift,yes,yes,yes,Duration from FBXLoader; hip/XZ only locked when Studio plays via Animator,animations/gestures/weight-shift,READY_SHARED_CACHE_KEY,P2,LoopOnce,ON_DEMAND,Load this source once and reuse the cached clip for both catalog entries.
weight-shift,9.4333,22,pipeline_locked_if_played,pipeline_locked_if_played,gesture,global,global:{gestureWeightShift},local:public/anim,wired_and_loads,mixamo,gestures,animations/gestures/weight-shift,yes,yes,yes,Duration from FBXLoader; hip/XZ only locked when Studio plays via Animator,animations/gestures/weight-shift,READY_SHARED_CACHE_KEY,P2,LoopOnce,ON_DEMAND,Load this source once and reuse the cached clip for both catalog entries.
great-axe-combo,5.4333,20,pipeline_locked_if_played,pipeline_locked_if_played,attack,greataxe,greataxe:{attack1},local:public/anim,wired_and_loads,mixamo,greataxe,animations/greataxe/great-axe-combo,yes,yes,yes,Duration from FBXLoader; hip/XZ only locked when Studio plays via Animator,animations/greataxe/great-axe-combo,READY,P3,LoopOnce,ON_DEMAND,Keep mapped; monitor transition quality and memory use.
draw-great-sword-1,0.5000,21,pipeline_locked_if_played,pipeline_locked_if_played,weapon_handling,greatsword|mace2h,greatsword:{draw+sheath} | mace2h:{draw+sheath},local:public/anim,wired_and_loads,mixamo,greatsword,animations/greatsword/draw-great-sword-1,yes,yes,yes,Duration from FBXLoader; hip/XZ only locked when Studio plays via Animator,animations/greatsword/draw-great-sword-1,READY,P3,LoopOnce,ON_DEMAND,Keep mapped; monitor transition quality and memory use.
great-sword-blocking-2,0.9667,21,pipeline_locked_if_played,pipeline_locked_if_played,defense,greataxe|greatsword|hammer2h|mace2h|spear,greatsword:{blockStart+blockIdle} | spear:{blockStart+blockIdle} | greataxe:{blockStart+blockIdle} | hammer2h:{blockStart+blockIdle} | mace2h:{blockStart+blockIdle},local:public/anim,wired_and_loads,mixamo,greatsword,animations/greatsword/great-sword-blocking-2,yes,yes,yes,Duration from FBXLoader; hip/XZ only locked when Studio plays via Animator,animations/greatsword/great-sword-blocking-2,READY,P3,LoopOnce,CORE_PRELOAD,Keep mapped; monitor transition quality and memory use.
great-sword-combo,3.2667,20,pipeline_locked_if_played,pipeline_locked_if_played,attack,greatsword|mace2h,greatsword:{attack1} | mace2h:{attack1},local:public/anim,wired_and_loads,mixamo,greatsword,animations/greatsword/great-sword-combo,yes,yes,yes,Duration from FBXLoader; hip/XZ only locked when Studio plays via Animator,animations/greatsword/great-sword-combo,READY,P3,LoopOnce,ON_DEMAND,Keep mapped; monitor transition quality and memory use.
great-sword-high-spin-attack,1.8667,21,pipeline_locked_if_played,pipeline_locked_if_played,attack,greatsword|hammer|hammer2h|mace2h,greatsword:{skill} | hammer:{skill} | hammer2h:{skill} | mace2h:{stab},local:public/anim,wired_and_loads,mixamo,greatsword,animations/greatsword/great-sword-high-spin-attack,yes,yes,yes,Duration from FBXLoader; hip/XZ only locked when Studio plays via Animator,animations/greatsword/great-sword-high-spin-attack,READY,P3,LoopOnce,ON_DEMAND,Keep mapped; monitor transition quality and memory use.
great-sword-idle,1.9000,20,pipeline_locked_if_played,pipeline_locked_if_played,idle,greatsword|mace2h,greatsword:{idle} | mace2h:{idle},local:public/anim,wired_and_loads,mixamo,greatsword,animations/greatsword/great-sword-idle,yes,yes,yes,Duration from FBXLoader; hip/XZ only locked when Studio plays via Animator,animations/greatsword/great-sword-idle,READY,P3,LoopRepeat,CORE_PRELOAD,Keep mapped; monitor transition quality and memory use.
great-sword-impact,0.8667,21,pipeline_locked_if_played,pipeline_locked_if_played,reaction,axe|greataxe|greatsword|hammer|hammer2h|mace|mace2h|spear,greatsword:{hit} | axe:{hit} | mace:{hit} | spear:{hit} | hammer:{hit} | greataxe:{hit} | hammer2h:{hit} | mace2h:{hit},local:public/anim,wired_and_loads,mixamo,greatsword,animations/greatsword/great-sword-impact,yes,yes,yes,Duration from FBXLoader; hip/XZ only locked when Studio plays via Animator,animations/greatsword/great-sword-impact,READY,P3,LoopOnce,CORE_PRELOAD,Keep mapped; monitor transition quality and memory use.
great-sword-jump-attack,2.1667,21,pipeline_locked_if_played,pipeline_locked_if_played,attack,axe|greataxe|hammer2h,axe:{skill} | greataxe:{stab} | hammer2h:{attack3+stab},local:public/anim,wired_and_loads,mixamo,greatsword,animations/greatsword/great-sword-jump-attack,yes,yes,yes,Duration from FBXLoader; hip/XZ only locked when Studio plays via Animator,animations/greatsword/great-sword-jump-attack,READY,P3,LoopOnce,ON_DEMAND,Keep mapped; monitor transition quality and memory use.
great-sword-run,0.7333,20,pipeline_locked_if_played,pipeline_locked_if_played,locomotion,greatsword|mace2h,greatsword:{runF} | mace2h:{runF},local:public/anim,wired_and_loads,mixamo,greatsword,animations/greatsword/great-sword-run,yes,yes,yes,Duration from FBXLoader; hip/XZ only locked when Studio plays via Animator,animations/greatsword/great-sword-run,READY,P3,LoopRepeat,CORE_PRELOAD,Keep mapped; monitor transition quality and memory use.
great-sword-run-2,0.6000,20,pipeline_locked_if_played,pipeline_locked_if_played,locomotion,greatsword|mace2h,greatsword:{runB} | mace2h:{runB},local:public/anim,wired_and_loads,mixamo,greatsword,animations/greatsword/great-sword-run-2,yes,yes,yes,Duration from FBXLoader; hip/XZ only locked when Studio plays via Animator,animations/greatsword/great-sword-run-2,READY,P3,LoopRepeat,CORE_PRELOAD,Keep mapped; monitor transition quality and memory use.
great-sword-slash,1.2333,21,pipeline_locked_if_played,pipeline_locked_if_played,attack,greatsword,greatsword:{attack6},local:public/anim,wired_and_loads,mixamo,greatsword,animations/greatsword/great-sword-slash,yes,yes,yes,Duration from FBXLoader; hip/XZ only locked when Studio plays via Animator,animations/greatsword/great-sword-slash,READY,P3,LoopOnce,ON_DEMAND,Keep mapped; monitor transition quality and memory use.
great-sword-slash-2,3.5333,21,pipeline_locked_if_played,pipeline_locked_if_played,attack,hammer2h,hammer2h:{attack2},local:public/anim,wired_and_loads,mixamo,greatsword,animations/greatsword/great-sword-slash-2,yes,yes,yes,Duration from FBXLoader; hip/XZ only locked when Studio plays via Animator,animations/greatsword/great-sword-slash-2,READY,P3,LoopOnce,ON_DEMAND,Keep mapped; monitor transition quality and memory use.
great-sword-slash-3,1.8333,21,pipeline_locked_if_played,pipeline_locked_if_played,attack,greatsword|mace2h,greatsword:{attack3} | mace2h:{attack3},local:public/anim,wired_and_loads,mixamo,greatsword,animations/greatsword/great-sword-slash-3,yes,yes,yes,Duration from FBXLoader; hip/XZ only locked when Studio plays via Animator,animations/greatsword/great-sword-slash-3,READY,P3,LoopOnce,ON_DEMAND,Keep mapped; monitor transition quality and memory use.
great-sword-slash-4,1.8000,21,pipeline_locked_if_played,pipeline_locked_if_played,attack,greatsword|mace2h,greatsword:{attack4} | mace2h:{attack4},local:public/anim,wired_and_loads,mixamo,greatsword,animations/greatsword/great-sword-slash-4,yes,yes,yes,Duration from FBXLoader; hip/XZ only locked when Studio plays via Animator,animations/greatsword/great-sword-slash-4,READY,P3,LoopOnce,ON_DEMAND,Keep mapped; monitor transition quality and memory use.
great-sword-slash-5,1.4333,21,pipeline_locked_if_played,pipeline_locked_if_played,attack,greatsword|mace2h,greatsword:{attack5} | mace2h:{attack5},local:public/anim,wired_and_loads,mixamo,greatsword,animations/greatsword/great-sword-slash-5,yes,yes,yes,Duration from FBXLoader; hip/XZ only locked when Studio plays via Animator,animations/greatsword/great-sword-slash-5,READY,P3,LoopOnce,ON_DEMAND,Keep mapped; monitor transition quality and memory use.
great-sword-strafe,1.0667,20,pipeline_locked_if_played,pipeline_locked_if_played,locomotion,greatsword|mace2h,greatsword:{walkL} | mace2h:{walkL},local:public/anim,wired_and_loads,mixamo,greatsword,animations/greatsword/great-sword-strafe,yes,yes,yes,Duration from FBXLoader; hip/XZ only locked when Studio plays via Animator,animations/greatsword/great-sword-strafe,READY,P3,LoopRepeat,CORE_PRELOAD,Keep mapped; monitor transition quality and memory use.
great-sword-strafe-2,1.1667,20,pipeline_locked_if_played,pipeline_locked_if_played,locomotion,greatsword|mace2h,greatsword:{walkR} | mace2h:{walkR},local:public/anim,wired_and_loads,mixamo,greatsword,animations/greatsword/great-sword-strafe-2,yes,yes,yes,Duration from FBXLoader; hip/XZ only locked when Studio plays via Animator,animations/greatsword/great-sword-strafe-2,READY,P3,LoopRepeat,CORE_PRELOAD,Keep mapped; monitor transition quality and memory use.
great-sword-strafe-3,0.5333,20,pipeline_locked_if_played,pipeline_locked_if_played,locomotion,greatsword|mace2h,greatsword:{runL} | mace2h:{runL},local:public/anim,wired_and_loads,mixamo,greatsword,animations/greatsword/great-sword-strafe-3,yes,yes,yes,Duration from FBXLoader; hip/XZ only locked when Studio plays via Animator,animations/greatsword/great-sword-strafe-3,READY,P3,LoopRepeat,CORE_PRELOAD,Keep mapped; monitor transition quality and memory use.
great-sword-strafe-4,0.6333,20,pipeline_locked_if_played,pipeline_locked_if_played,locomotion,greatsword|mace2h,greatsword:{runR} | mace2h:{runR},local:public/anim,wired_and_loads,mixamo,greatsword,animations/greatsword/great-sword-strafe-4,yes,yes,yes,Duration from FBXLoader; hip/XZ only locked when Studio plays via Animator,animations/greatsword/great-sword-strafe-4,READY,P3,LoopRepeat,CORE_PRELOAD,Keep mapped; monitor transition quality and memory use.
great-sword-turn,0.7333,20,pipeline_locked_if_played,pipeline_locked_if_played,locomotion,greataxe|greatsword|hammer2h|mace2h|spear,greatsword:{turnL} | spear:{turnL} | greataxe:{turnL} | hammer2h:{turnL} | mace2h:{turnL},local:public/anim,wired_and_loads,mixamo,greatsword,animations/greatsword/great-sword-turn,yes,yes,yes,Duration from FBXLoader; hip/XZ only locked when Studio plays via Animator,animations/greatsword/great-sword-turn,READY,P3,LoopRepeat,CORE_PRELOAD,Keep mapped; monitor transition quality and memory use.
great-sword-turn-2,0.8333,20,pipeline_locked_if_played,pipeline_locked_if_played,locomotion,greataxe|greatsword|hammer2h|mace2h|spear,greatsword:{turnR} | spear:{turnR} | greataxe:{turnR} | hammer2h:{turnR} | mace2h:{turnR},local:public/anim,wired_and_loads,mixamo,greatsword,animations/greatsword/great-sword-turn-2,yes,yes,yes,Duration from FBXLoader; hip/XZ only locked when Studio plays via Animator,animations/greatsword/great-sword-turn-2,READY,P3,LoopRepeat,CORE_PRELOAD,Keep mapped; monitor transition quality and memory use.
great-sword-walk,1.3667,20,pipeline_locked_if_played,pipeline_locked_if_played,locomotion,greatsword|mace2h,greatsword:{walkF} | mace2h:{walkF},local:public/anim,wired_and_loads,mixamo,greatsword,animations/greatsword/great-sword-walk,yes,yes,yes,Duration from FBXLoader; hip/XZ only locked when Studio plays via Animator,animations/greatsword/great-sword-walk,READY,P3,LoopRepeat,CORE_PRELOAD,Keep mapped; monitor transition quality and memory use.
great-sword-walk-2,1.1667,20,pipeline_locked_if_played,pipeline_locked_if_played,locomotion,greatsword|mace2h,greatsword:{walkB} | mace2h:{walkB},local:public/anim,wired_and_loads,mixamo,greatsword,animations/greatsword/great-sword-walk-2,yes,yes,yes,Duration from FBXLoader; hip/XZ only locked when Studio plays via Animator,animations/greatsword/great-sword-walk-2,READY,P3,LoopRepeat,CORE_PRELOAD,Keep mapped; monitor transition quality and memory use.
heavy-weapon-swing,5.2000,20,pipeline_locked_if_played,pipeline_locked_if_played,attack,greataxe|greatsword|hammer2h|mace2h,greatsword:{attack2} | greataxe:{attack2} | hammer2h:{attack1} | mace2h:{attack2},local:public/anim,wired_and_loads,mixamo,greatsword,animations/greatsword/heavy-weapon-swing,yes,yes,yes,Duration from FBXLoader; hip/XZ only locked when Studio plays via Animator,animations/greatsword/heavy-weapon-swing,READY,P3,LoopOnce,ON_DEMAND,Keep mapped; monitor transition quality and memory use.
quick-slash,1.2667,20,pipeline_locked_if_played,pipeline_locked_if_played,attack,greatsword,greatsword:{stab},local:public/anim,wired_and_loads,mixamo,greatsword,animations/greatsword/quick-slash,yes,yes,yes,Duration from FBXLoader; hip/XZ only locked when Studio plays via Animator,animations/greatsword/quick-slash,READY,P3,LoopOnce,ON_DEMAND,Keep mapped; monitor transition quality and memory use.
two-handed-sword-death,2.4000,21,pipeline_locked_if_played,pipeline_locked_if_played,reaction,greataxe|greatsword|hammer2h|mace2h|spear,greatsword:{death} | spear:{death} | greataxe:{death} | hammer2h:{death} | mace2h:{death},local:public/anim,wired_and_loads,mixamo,greatsword,animations/greatsword/two-handed-sword-death,yes,yes,yes,Duration from FBXLoader; hip/XZ only locked when Studio plays via Animator,animations/greatsword/two-handed-sword-death,READY,P3,LoopOnce,CORE_PRELOAD,Keep mapped; monitor transition quality and memory use.
double-dagger-stab,3.0667,21,pipeline_locked_if_played,pipeline_locked_if_played,attack,knife,knife:{attack2},local:public/anim,wired_and_loads,mixamo,knife,animations/knife/double-dagger-stab,yes,yes,yes,Duration from FBXLoader; hip/XZ only locked when Studio plays via Animator,animations/knife/double-dagger-stab,READY,P3,LoopOnce,ON_DEMAND,Keep mapped; monitor transition quality and memory use.
dual-weapon-combo,3.6333,20,pipeline_locked_if_played,pipeline_locked_if_played,attack,knife,knife:{skill},local:public/anim,wired_and_loads,mixamo,knife,animations/knife/dual-weapon-combo,yes,yes,yes,Duration from FBXLoader; hip/XZ only locked when Studio plays via Animator,animations/knife/dual-weapon-combo,READY,P3,LoopOnce,ON_DEMAND,Keep mapped; monitor transition quality and memory use.
knife-idle,4.4667,21,pipeline_locked_if_played,pipeline_locked_if_played,idle,knife,knife:{idle},local:public/anim,wired_and_loads,mixamo,knife,animations/knife/knife-idle,yes,yes,yes,Duration from FBXLoader; hip/XZ only locked when Studio plays via Animator,animations/knife/knife-idle,READY,P3,LoopRepeat,CORE_PRELOAD,Keep mapped; monitor transition quality and memory use.
stabbing,2.6333,21,pipeline_locked_if_played,pipeline_locked_if_played,attack,hammer|knife|sword,sword:{stab} | knife:{attack1+dashAttack+stab} | hammer:{stab},local:public/anim,wired_and_loads,mixamo,knife,animations/knife/stabbing,yes,yes,yes,Duration from FBXLoader; hip/XZ only locked when Studio plays via Animator,animations/knife/stabbing,READY,P3,LoopOnce,ON_DEMAND,Keep mapped; monitor transition quality and memory use.
hell-slammer-a,7.5667,20,pipeline_locked_if_played,pipeline_locked_if_played,attack,mace,mace:{attack1},local:public/anim,wired_and_loads,mixamo,mace,animations/mace/hell-slammer-a,yes,yes,yes,Duration from FBXLoader; hip/XZ only locked when Studio plays via Animator,animations/mace/hell-slammer-a,READY,P3,LoopOnce,ON_DEMAND,Keep mapped; monitor transition quality and memory use.
hell-slammer-b,7.5667,20,pipeline_locked_if_played,pipeline_locked_if_played,attack,mace,mace:{attack2},local:public/anim,wired_and_loads,mixamo,mace,animations/mace/hell-slammer-b,yes,yes,yes,Duration from FBXLoader; hip/XZ only locked when Studio plays via Animator,animations/mace/hell-slammer-b,READY,P3,LoopOnce,ON_DEMAND,Keep mapped; monitor transition quality and memory use.
standing-idle,1.8667,21,pipeline_locked_if_played,pipeline_locked_if_played,idle,magic,magic:{idle},local:public/anim,wired_and_loads,mixamo,magic-loco,animations/magic-loco/standing-idle,yes,yes,yes,Duration from FBXLoader; hip/XZ only locked when Studio plays via Animator,animations/magic-loco/standing-idle,READY,P3,LoopRepeat,CORE_PRELOAD,Keep mapped; monitor transition quality and memory use.
standing-jump-running,1.0667,21,pipeline_locked_if_played,pipeline_locked_if_played,locomotion,magic,magic:{jumpAir},local:public/anim,wired_and_loads,mixamo,magic-loco,animations/magic-loco/standing-jump-running,yes,yes,yes,Duration from FBXLoader; hip/XZ only locked when Studio plays via Animator,animations/magic-loco/standing-jump-running,READY,P3,LoopRepeat,CORE_PRELOAD,Keep mapped; monitor transition quality and memory use.
standing-land-to-standing-idle,1.1000,21,pipeline_locked_if_played,pipeline_locked_if_played,idle,magic,magic:{land},local:public/anim,wired_and_loads,mixamo,magic-loco,animations/magic-loco/standing-land-to-standing-idle,yes,yes,yes,Duration from FBXLoader; hip/XZ only locked when Studio plays via Animator,animations/magic-loco/standing-land-to-standing-idle,READY,P3,LoopRepeat,CORE_PRELOAD,Keep mapped; monitor transition quality and memory use.
standing-run-back,0.6333,21,pipeline_locked_if_played,pipeline_locked_if_played,locomotion,magic,magic:{runB},local:public/anim,wired_and_loads,mixamo,magic-loco,animations/magic-loco/standing-run-back,yes,yes,yes,Duration from FBXLoader; hip/XZ only locked when Studio plays via Animator,animations/magic-loco/standing-run-back,READY,P3,LoopRepeat,CORE_PRELOAD,Keep mapped; monitor transition quality and memory use.
standing-run-forward,0.7333,21,pipeline_locked_if_played,pipeline_locked_if_played,locomotion,magic,magic:{runF},local:public/anim,wired_and_loads,mixamo,magic-loco,animations/magic-loco/standing-run-forward,yes,yes,yes,Duration from FBXLoader; hip/XZ only locked when Studio plays via Animator,animations/magic-loco/standing-run-forward,READY,P3,LoopRepeat,CORE_PRELOAD,Keep mapped; monitor transition quality and memory use.
standing-run-left,0.7667,21,pipeline_locked_if_played,pipeline_locked_if_played,locomotion,magic,magic:{runL},local:public/anim,wired_and_loads,mixamo,magic-loco,animations/magic-loco/standing-run-left,yes,yes,yes,Duration from FBXLoader; hip/XZ only locked when Studio plays via Animator,animations/magic-loco/standing-run-left,READY,P3,LoopRepeat,CORE_PRELOAD,Keep mapped; monitor transition quality and memory use.
standing-run-right,0.7667,21,pipeline_locked_if_played,pipeline_locked_if_played,locomotion,magic,magic:{runR},local:public/anim,wired_and_loads,mixamo,magic-loco,animations/magic-loco/standing-run-right,yes,yes,yes,Duration from FBXLoader; hip/XZ only locked when Studio plays via Animator,animations/magic-loco/standing-run-right,READY,P3,LoopRepeat,CORE_PRELOAD,Keep mapped; monitor transition quality and memory use.
standing-turn-left-90,1.8667,21,pipeline_locked_if_played,pipeline_locked_if_played,locomotion,magic,magic:{turnL},local:public/anim,wired_and_loads,mixamo,magic-loco,animations/magic-loco/standing-turn-left-90,yes,yes,yes,Duration from FBXLoader; hip/XZ only locked when Studio plays via Animator,animations/magic-loco/standing-turn-left-90,READY,P3,LoopRepeat,CORE_PRELOAD,Keep mapped; monitor transition quality and memory use.
standing-turn-right-90,1.6333,21,pipeline_locked_if_played,pipeline_locked_if_played,locomotion,magic,magic:{turnR},local:public/anim,wired_and_loads,mixamo,magic-loco,animations/magic-loco/standing-turn-right-90,yes,yes,yes,Duration from FBXLoader; hip/XZ only locked when Studio plays via Animator,animations/magic-loco/standing-turn-right-90,READY,P3,LoopRepeat,CORE_PRELOAD,Keep mapped; monitor transition quality and memory use.
standing-walk-back,1.2000,21,pipeline_locked_if_played,pipeline_locked_if_played,locomotion,magic,magic:{walkB},local:public/anim,wired_and_loads,mixamo,magic-loco,animations/magic-loco/standing-walk-back,yes,yes,yes,Duration from FBXLoader; hip/XZ only locked when Studio plays via Animator,animations/magic-loco/standing-walk-back,READY,P3,LoopRepeat,CORE_PRELOAD,Keep mapped; monitor transition quality and memory use.
standing-walk-forward,1.1333,21,pipeline_locked_if_played,pipeline_locked_if_played,locomotion,magic,magic:{walkF},local:public/anim,wired_and_loads,mixamo,magic-loco,animations/magic-loco/standing-walk-forward,yes,yes,yes,Duration from FBXLoader; hip/XZ only locked when Studio plays via Animator,animations/magic-loco/standing-walk-forward,READY,P3,LoopRepeat,CORE_PRELOAD,Keep mapped; monitor transition quality and memory use.
standing-walk-left,1.1667,21,pipeline_locked_if_played,pipeline_locked_if_played,locomotion,magic,magic:{walkL},local:public/anim,wired_and_loads,mixamo,magic-loco,animations/magic-loco/standing-walk-left,yes,yes,yes,Duration from FBXLoader; hip/XZ only locked when Studio plays via Animator,animations/magic-loco/standing-walk-left,READY,P3,LoopRepeat,CORE_PRELOAD,Keep mapped; monitor transition quality and memory use.
standing-walk-right,1.2000,21,pipeline_locked_if_played,pipeline_locked_if_played,locomotion,magic,magic:{walkR},local:public/anim,wired_and_loads,mixamo,magic-loco,animations/magic-loco/standing-walk-right,yes,yes,yes,Duration from FBXLoader; hip/XZ only locked when Studio plays via Animator,animations/magic-loco/standing-walk-right,READY,P3,LoopRepeat,CORE_PRELOAD,Keep mapped; monitor transition quality and memory use.
casting-spell,7.7000,21,pipeline_locked_if_played,pipeline_locked_if_played,attack,global,global:{castSpell2},local:public/anim,wired_and_loads,mixamo,magic,animations/magic/casting-spell,yes,yes,yes,Duration from FBXLoader; hip/XZ only locked when Studio plays via Animator,animations/magic/casting-spell,READY,P3,LoopOnce,ON_DEMAND,Keep mapped; monitor transition quality and memory use.
standing-1h-cast-spell-01,2.2667,21,pipeline_locked_if_played,pipeline_locked_if_played,attack,global|magic,magic:{castSpell} | global:{castSpell},local:public/anim,wired_and_loads,mixamo,magic,animations/magic/standing-1h-cast-spell-01,yes,yes,yes,Duration from FBXLoader; hip/XZ only locked when Studio plays via Animator,animations/magic/standing-1h-cast-spell-01,READY,P3,LoopOnce,ON_DEMAND,Keep mapped; monitor transition quality and memory use.
standing-1h-magic-attack-01,2.3000,21,pipeline_locked_if_played,pipeline_locked_if_played,attack,global|magic,magic:{attack1+magicAttack} | global:{magicAttack},local:public/anim,wired_and_loads,mixamo,magic,animations/magic/standing-1h-magic-attack-01,yes,yes,yes,Duration from FBXLoader; hip/XZ only locked when Studio plays via Animator,animations/magic/standing-1h-magic-attack-01,READY,P3,LoopOnce,ON_DEMAND,Keep mapped; monitor transition quality and memory use.
standing-1h-magic-attack-02,2.2000,21,pipeline_locked_if_played,pipeline_locked_if_played,attack,magic,magic:{attack2},local:public/anim,wired_and_loads,mixamo,magic,animations/magic/standing-1h-magic-attack-02,yes,yes,yes,Duration from FBXLoader; hip/XZ only locked when Studio plays via Animator,animations/magic/standing-1h-magic-attack-02,READY,P3,LoopOnce,ON_DEMAND,Keep mapped; monitor transition quality and memory use.
standing-1h-magic-attack-03,2.3000,21,pipeline_locked_if_played,pipeline_locked_if_played,attack,magic,magic:{attack3},local:public/anim,wired_and_loads,mixamo,magic,animations/magic/standing-1h-magic-attack-03,yes,yes,yes,Duration from FBXLoader; hip/XZ only locked when Studio plays via Animator,animations/magic/standing-1h-magic-attack-03,READY,P3,LoopOnce,ON_DEMAND,Keep mapped; monitor transition quality and memory use.
standing-2h-magic,2.7000,21,pipeline_locked_if_played,pipeline_locked_if_played,attack,global|magic,magic:{skill+magicArea} | global:{magicArea+magicChannel},local:public/anim,wired_and_loads,mixamo,magic,animations/magic/standing-2h-magic,yes,yes,yes,Duration from FBXLoader; hip/XZ only locked when Studio plays via Animator,animations/magic/standing-2h-magic,READY,P3,LoopOnce,ON_DEMAND,Keep mapped; monitor transition quality and memory use.
charged-pistol,2.5333,21,pipeline_locked_if_played,pipeline_locked_if_played,weapon_handling,pistol,pistol:{chargedShot},local:public/anim,wired_and_loads,mixamo,pistol,animations/pistol/charged-pistol,yes,yes,yes,Duration from FBXLoader; hip/XZ only locked when Studio plays via Animator,animations/pistol/charged-pistol,READY,P3,LoopOnce,ON_DEMAND,Keep mapped; monitor transition quality and memory use.
drawing-gun,2.0000,21,pipeline_locked_if_played,pipeline_locked_if_played,weapon_handling,pistol,pistol:{draw},local:public/anim,wired_and_loads,mixamo,pistol,animations/pistol/drawing-gun,yes,yes,yes,Duration from FBXLoader; hip/XZ only locked when Studio plays via Animator,animations/pistol/drawing-gun,READY,P3,LoopOnce,ON_DEMAND,Keep mapped; monitor transition quality and memory use.
gunplay,2.5333,21,pipeline_locked_if_played,pipeline_locked_if_played,attack,pistol,pistol:{attack2+skill},local:public/anim,wired_and_loads,mixamo,pistol,animations/pistol/gunplay,yes,yes,yes,Duration from FBXLoader; hip/XZ only locked when Studio plays via Animator,animations/pistol/gunplay,READY,P3,LoopOnce,ON_DEMAND,Keep mapped; monitor transition quality and memory use.
idle,1.3333,21,pipeline_locked_if_played,pipeline_locked_if_played,idle,pistol,pistol:{idle},local:public/anim,wired_and_loads,mixamo,pistol,animations/pistol/idle,yes,yes,yes,Duration from FBXLoader; hip/XZ only locked when Studio plays via Animator,animations/pistol/idle,READY,P3,LoopRepeat,CORE_PRELOAD,Keep mapped; monitor transition quality and memory use.
knee-jabs-uppercut,5.6667,21,pipeline_locked_if_played,pipeline_locked_if_played,attack,pistol,pistol:{comboHit1},local:public/anim,wired_and_loads,mixamo,pistol,animations/pistol/knee-jabs-uppercut,yes,yes,yes,Duration from FBXLoader; hip/XZ only locked when Studio plays via Animator,animations/pistol/knee-jabs-uppercut,READY,P3,LoopOnce,ON_DEMAND,Keep mapped; monitor transition quality and memory use.
kneeling-idle,3.8000,21,pipeline_locked_if_played,pipeline_locked_if_played,idle,pistol,pistol:{crouchIdle},local:public/anim,wired_and_loads,mixamo,pistol,animations/pistol/kneeling-idle,yes,yes,yes,Duration from FBXLoader; hip/XZ only locked when Studio plays via Animator,animations/pistol/kneeling-idle,READY,P3,LoopRepeat,CORE_PRELOAD,Keep mapped; monitor transition quality and memory use.
mma-kick,2.0000,21,pipeline_locked_if_played,pipeline_locked_if_played,attack,pistol,pistol:{mmaKick},local:public/anim,wired_and_loads,mixamo,pistol,animations/pistol/mma-kick,yes,yes,yes,Duration from FBXLoader; hip/XZ only locked when Studio plays via Animator,animations/pistol/mma-kick,READY,P3,LoopOnce,ON_DEMAND,Keep mapped; monitor transition quality and memory use.
pistol-jump,4.9333,21,pipeline_locked_if_played,pipeline_locked_if_played,acrobatics,pistol,pistol:{jumpAir},local:public/anim,wired_and_loads,mixamo,pistol,animations/pistol/pistol-jump,yes,yes,yes,Duration from FBXLoader; hip/XZ only locked when Studio plays via Animator,animations/pistol/pistol-jump,READY,P3,LoopOnce,ON_DEMAND,Keep mapped; monitor transition quality and memory use.
pistol-whip,2.5667,21,pipeline_locked_if_played,pipeline_locked_if_played,attack,pistol,pistol:{pistolWhip},local:public/anim,wired_and_loads,mixamo,pistol,animations/pistol/pistol-whip,yes,yes,yes,Duration from FBXLoader; hip/XZ only locked when Studio plays via Animator,animations/pistol/pistol-whip,READY,P3,LoopOnce,ON_DEMAND,Keep mapped; monitor transition quality and memory use.
reload-crouch,1.0000,21,pipeline_locked_if_played,pipeline_locked_if_played,weapon_handling,pistol,pistol:{reloadCrouch},local:public/anim,wired_and_loads,mixamo,pistol,animations/pistol/reload-crouch,yes,yes,yes,Duration from FBXLoader; hip/XZ only locked when Studio plays via Animator,animations/pistol/reload-crouch,READY,P3,LoopOnce,ON_DEMAND,Keep mapped; monitor transition quality and memory use.
reload-empty,2.5333,21,pipeline_locked_if_played,pipeline_locked_if_played,weapon_handling,pistol,pistol:{reloadEmpty},local:public/anim,wired_and_loads,mixamo,pistol,animations/pistol/reload-empty,yes,yes,yes,Duration from FBXLoader; hip/XZ only locked when Studio plays via Animator,animations/pistol/reload-empty,READY,P3,LoopOnce,ON_DEMAND,Keep mapped; monitor transition quality and memory use.
reload-standing,2.0000,21,pipeline_locked_if_played,pipeline_locked_if_played,weapon_handling,pistol,pistol:{reload},local:public/anim,wired_and_loads,mixamo,pistol,animations/pistol/reload-standing,yes,yes,yes,Duration from FBXLoader; hip/XZ only locked when Studio plays via Animator,animations/pistol/reload-standing,READY,P3,LoopOnce,ON_DEMAND,Keep mapped; monitor transition quality and memory use.
reload-tactical,2.0000,21,pipeline_locked_if_played,pipeline_locked_if_played,weapon_handling,pistol,pistol:{reloadTactical},local:public/anim,wired_and_loads,mixamo,pistol,animations/pistol/reload-tactical,yes,yes,yes,Duration from FBXLoader; hip/XZ only locked when Studio plays via Animator,animations/pistol/reload-tactical,READY,P3,LoopOnce,ON_DEMAND,Keep mapped; monitor transition quality and memory use.
run-arc-left,0.6000,21,pipeline_locked_if_played,pipeline_locked_if_played,locomotion,pistol,pistol:{runL},local:public/anim,wired_and_loads,mixamo,pistol,animations/pistol/run-arc-left,yes,yes,yes,Duration from FBXLoader; hip/XZ only locked when Studio plays via Animator,animations/pistol/run-arc-left,READY,P3,LoopRepeat,CORE_PRELOAD,Keep mapped; monitor transition quality and memory use.
run-arc-right,0.6333,21,pipeline_locked_if_played,pipeline_locked_if_played,locomotion,pistol,pistol:{runR},local:public/anim,wired_and_loads,mixamo,pistol,animations/pistol/run-arc-right,yes,yes,yes,Duration from FBXLoader; hip/XZ only locked when Studio plays via Animator,animations/pistol/run-arc-right,READY,P3,LoopRepeat,CORE_PRELOAD,Keep mapped; monitor transition quality and memory use.
run-backward,0.5333,21,pipeline_locked_if_played,pipeline_locked_if_played,locomotion,pistol,pistol:{runB},local:public/anim,wired_and_loads,mixamo,pistol,animations/pistol/run-backward,yes,yes,yes,Duration from FBXLoader; hip/XZ only locked when Studio plays via Animator,animations/pistol/run-backward,READY,P3,LoopRepeat,CORE_PRELOAD,Keep mapped; monitor transition quality and memory use.
run-forward,0.5000,21,pipeline_locked_if_played,pipeline_locked_if_played,locomotion,pistol,pistol:{runF},local:public/anim,wired_and_loads,mixamo,pistol,animations/pistol/run-forward,yes,yes,yes,Duration from FBXLoader; hip/XZ only locked when Studio plays via Animator,animations/pistol/run-forward,READY,P3,LoopRepeat,CORE_PRELOAD,Keep mapped; monitor transition quality and memory use.
shoot,2.5333,21,pipeline_locked_if_played,pipeline_locked_if_played,attack,pistol,pistol:{attack1+shoot},local:public/anim,wired_and_loads,mixamo,pistol,animations/pistol/shoot,yes,yes,yes,Duration from FBXLoader; hip/XZ only locked when Studio plays via Animator,animations/pistol/shoot,READY,P3,LoopOnce,ON_DEMAND,Keep mapped; monitor transition quality and memory use.
uppercut,1.4333,21,pipeline_locked_if_played,pipeline_locked_if_played,attack,pistol,pistol:{uppercut},local:public/anim,wired_and_loads,mixamo,pistol,animations/pistol/uppercut,yes,yes,yes,Duration from FBXLoader; hip/XZ only locked when Studio plays via Animator,animations/pistol/uppercut,READY,P3,LoopOnce,ON_DEMAND,Keep mapped; monitor transition quality and memory use.
walk-arc-left,0.7333,21,pipeline_locked_if_played,pipeline_locked_if_played,locomotion,pistol,pistol:{walkL},local:public/anim,wired_and_loads,mixamo,pistol,animations/pistol/walk-arc-left,yes,yes,yes,Duration from FBXLoader; hip/XZ only locked when Studio plays via Animator,animations/pistol/walk-arc-left,READY,P3,LoopRepeat,CORE_PRELOAD,Keep mapped; monitor transition quality and memory use.
walk-arc-right,0.7667,21,pipeline_locked_if_played,pipeline_locked_if_played,locomotion,pistol,pistol:{walkR},local:public/anim,wired_and_loads,mixamo,pistol,animations/pistol/walk-arc-right,yes,yes,yes,Duration from FBXLoader; hip/XZ only locked when Studio plays via Animator,animations/pistol/walk-arc-right,READY,P3,LoopRepeat,CORE_PRELOAD,Keep mapped; monitor transition quality and memory use.
walk-backward,1.0333,21,pipeline_locked_if_played,pipeline_locked_if_played,locomotion,pistol,pistol:{walkB},local:public/anim,wired_and_loads,mixamo,pistol,animations/pistol/walk-backward,yes,yes,yes,Duration from FBXLoader; hip/XZ only locked when Studio plays via Animator,animations/pistol/walk-backward,READY,P3,LoopRepeat,CORE_PRELOAD,Keep mapped; monitor transition quality and memory use.
walk-forward,0.8000,21,pipeline_locked_if_played,pipeline_locked_if_played,locomotion,pistol,pistol:{walkF},local:public/anim,wired_and_loads,mixamo,pistol,animations/pistol/walk-forward,yes,yes,yes,Duration from FBXLoader; hip/XZ only locked when Studio plays via Animator,animations/pistol/walk-forward,READY,P3,LoopRepeat,CORE_PRELOAD,Keep mapped; monitor transition quality and memory use.
dodging-back,2.6667,20,pipeline_locked_if_played,pipeline_locked_if_played,dodge,unarmed,unarmed:{dodgeB},local:public/anim,wired_and_loads,mixamo,reactions,animations/reactions/dodging-back,yes,yes,yes,Duration from FBXLoader; hip/XZ only locked when Studio plays via Animator,animations/reactions/dodging-back,READY,P3,LoopOnce,CORE_PRELOAD,Keep mapped; monitor transition quality and memory use.
fallen,0.7000,21,pipeline_locked_if_played,pipeline_locked_if_played,acrobatics,global,global:{fallen},local:public/anim,wired_and_loads,mixamo,reactions,animations/reactions/fallen,yes,yes,yes,Duration from FBXLoader; hip/XZ only locked when Studio plays via Animator,animations/reactions/fallen,READY,P3,LoopOnce,ON_DEMAND,Keep mapped; monitor transition quality and memory use.
falling,11.3667,21,pipeline_locked_if_played,pipeline_locked_if_played,acrobatics,global,global:{fallDown},local:public/anim,wired_and_loads,mixamo,reactions,animations/reactions/falling,yes,yes,yes,Duration from FBXLoader; hip/XZ only locked when Studio plays via Animator,animations/reactions/falling,READY,P3,LoopOnce,ON_DEMAND,Keep mapped; monitor transition quality and memory use.
falling-idle,0.7000,20,pipeline_locked_if_played,pipeline_locked_if_played,idle,global,global:{fallingIdle},local:public/anim,wired_and_loads,mixamo,reactions,animations/reactions/falling-idle,yes,yes,yes,Duration from FBXLoader; hip/XZ only locked when Studio plays via Animator,animations/reactions/falling-idle,READY,P3,LoopRepeat,CORE_PRELOAD,Keep mapped; monitor transition quality and memory use.
flying-back,3.0333,35,pipeline_locked_if_played,pipeline_locked_if_played,reaction,global,global:{flyingBack},local:public/anim,wired_and_loads,mixamo,reactions,animations/reactions/flying-back,yes,yes,yes,Duration from FBXLoader; hip/XZ only locked when Studio plays via Animator,animations/reactions/flying-back,READY,P3,LoopOnce,CORE_PRELOAD,Keep mapped; monitor transition quality and memory use.
get-up,2.1333,21,pipeline_locked_if_played,pipeline_locked_if_played,reaction,global,global:{getUp},local:public/anim,wired_and_loads,mixamo,reactions,animations/reactions/get-up,yes,yes,yes,Duration from FBXLoader; hip/XZ only locked when Studio plays via Animator,animations/reactions/get-up,READY,P3,LoopOnce,CORE_PRELOAD,Keep mapped; monitor transition quality and memory use.
hit-to-head,2.5333,21,pipeline_locked_if_played,pipeline_locked_if_played,reaction,global,global:{hitHead},local:public/anim,wired_and_loads,mixamo,reactions,animations/reactions/hit-to-head,yes,yes,yes,Duration from FBXLoader; hip/XZ only locked when Studio plays via Animator,animations/reactions/hit-to-head,READY,P3,LoopOnce,CORE_PRELOAD,Keep mapped; monitor transition quality and memory use.
jogging-stumble,1.1667,21,pipeline_locked_if_played,pipeline_locked_if_played,reaction,global,global:{jogStumble},local:public/anim,wired_and_loads,mixamo,reactions,animations/reactions/jogging-stumble,yes,yes,yes,Duration from FBXLoader; hip/XZ only locked when Studio plays via Animator,animations/reactions/jogging-stumble,READY,P3,LoopOnce,CORE_PRELOAD,Keep mapped; monitor transition quality and memory use.
knocked-unconscious,4.5667,20,pipeline_locked_if_played,pipeline_locked_if_played,reaction,global,global:{knockedOut+knockedUnconscious},local:public/anim,wired_and_loads,mixamo,reactions,animations/reactions/knocked-unconscious,yes,yes,yes,Duration from FBXLoader; hip/XZ only locked when Studio plays via Animator,animations/reactions/knocked-unconscious,READY,P3,LoopOnce,CORE_PRELOAD,Keep mapped; monitor transition quality and memory use.
knocked-up,3.0000,20,pipeline_locked_if_played,pipeline_locked_if_played,reaction,global,global:{knockedUp},local:public/anim,wired_and_loads,mixamo,reactions,animations/reactions/knocked-up,yes,yes,yes,Duration from FBXLoader; hip/XZ only locked when Studio plays via Animator,animations/reactions/knocked-up,READY,P3,LoopOnce,CORE_PRELOAD,Keep mapped; monitor transition quality and memory use.
knocked-up-and-back,2.6333,20,pipeline_locked_if_played,pipeline_locked_if_played,reaction,global,global:{knockedUpBack},local:public/anim,wired_and_loads,mixamo,reactions,animations/reactions/knocked-up-and-back,yes,yes,yes,Duration from FBXLoader; hip/XZ only locked when Studio plays via Animator,animations/reactions/knocked-up-and-back,READY,P3,LoopOnce,CORE_PRELOAD,Keep mapped; monitor transition quality and memory use.
parry,0.4000,21,pipeline_locked_if_played,pipeline_locked_if_played,defense,global,global:{parryReact},local:public/anim,wired_and_loads,mixamo,reactions,animations/reactions/parry,yes,yes,yes,Duration from FBXLoader; hip/XZ only locked when Studio plays via Animator,animations/reactions/parry,READY,P3,LoopOnce,CORE_PRELOAD,Keep mapped; monitor transition quality and memory use.
running-crawl,1.1000,21,pipeline_locked_if_played,pipeline_locked_if_played,locomotion,global,global:{injuredCrawl},local:public/anim,wired_and_loads,mixamo,reactions,animations/reactions/running-crawl,yes,yes,yes,Duration from FBXLoader; hip/XZ only locked when Studio plays via Animator,animations/reactions/running-crawl,READY,P3,LoopRepeat,CORE_PRELOAD,Keep mapped; monitor transition quality and memory use.
stunned,2.1333,21,pipeline_locked_if_played,pipeline_locked_if_played,reaction,global,global:{stunned},local:public/anim,wired_and_loads,mixamo,reactions,animations/reactions/stunned,yes,yes,yes,Duration from FBXLoader; hip/XZ only locked when Studio plays via Animator,animations/reactions/stunned,READY,P3,LoopOnce,CORE_PRELOAD,Keep mapped; monitor transition quality and memory use.
wall-crash,2.4667,21,pipeline_locked_if_played,pipeline_locked_if_played,reaction,global,global:{wallCrash},local:public/anim,wired_and_loads,mixamo,reactions,animations/reactions/wall-crash,yes,yes,yes,Duration from FBXLoader; hip/XZ only locked when Studio plays via Animator,animations/reactions/wall-crash,READY,P3,LoopOnce,CORE_PRELOAD,Keep mapped; monitor transition quality and memory use.
aim,2.1000,21,pipeline_locked_if_played,pipeline_locked_if_played,idle,ranged,ranged:{aim},local:public/anim,wired_and_loads,mixamo,rifle,animations/rifle/aim,yes,yes,yes,Duration from FBXLoader; hip/XZ only locked when Studio plays via Animator,animations/rifle/aim,READY,P3,LoopRepeat,CORE_PRELOAD,Keep mapped; monitor transition quality and memory use.
death-from-front-headshot,2.8333,21,pipeline_locked_if_played,pipeline_locked_if_played,reaction,pistol|ranged,ranged:{death} | pistol:{death},local:public/anim,wired_and_loads,mixamo,rifle,animations/rifle/death-from-front-headshot,yes,yes,yes,Duration from FBXLoader; hip/XZ only locked when Studio plays via Animator,animations/rifle/death-from-front-headshot,READY,P3,LoopOnce,CORE_PRELOAD,Keep mapped; monitor transition quality and memory use.
idle,2.1000,21,pipeline_locked_if_played,pipeline_locked_if_played,idle,ranged,ranged:{idle},local:public/anim,wired_and_loads,mixamo,rifle,animations/rifle/idle,yes,yes,yes,Duration from FBXLoader; hip/XZ only locked when Studio plays via Animator,animations/rifle/idle,READY,P3,LoopRepeat,CORE_PRELOAD,Keep mapped; monitor transition quality and memory use.
idle-crouching,2.1000,21,pipeline_locked_if_played,pipeline_locked_if_played,attack,ranged,ranged:{skill+crouchIdle},local:public/anim,wired_and_loads,mixamo,rifle,animations/rifle/idle-crouching,yes,yes,yes,Duration from FBXLoader; hip/XZ only locked when Studio plays via Animator,animations/rifle/idle-crouching,READY,P3,LoopOnce,ON_DEMAND,Keep mapped; monitor transition quality and memory use.
jump-backward,0.9000,20,pipeline_locked_if_played,pipeline_locked_if_played,dodge,ranged,ranged:{dodgeB},local:public/anim,wired_and_loads,mixamo,rifle,animations/rifle/jump-backward,yes,yes,yes,Duration from FBXLoader; hip/XZ only locked when Studio plays via Animator,animations/rifle/jump-backward,READY,P3,LoopOnce,CORE_PRELOAD,Keep mapped; monitor transition quality and memory use.
recoil,2.5333,21,pipeline_locked_if_played,pipeline_locked_if_played,attack,ranged,ranged:{attack2},local:public/anim,wired_and_loads,mixamo,rifle,animations/rifle/recoil,yes,yes,yes,Duration from FBXLoader; hip/XZ only locked when Studio plays via Animator,animations/rifle/recoil,READY,P3,LoopOnce,ON_DEMAND,Keep mapped; monitor transition quality and memory use.
reload-crouch,1.0000,21,pipeline_locked_if_played,pipeline_locked_if_played,weapon_handling,ranged,ranged:{reloadCrouch},local:public/anim,wired_and_loads,mixamo,rifle,animations/rifle/reload-crouch,yes,yes,yes,Duration from FBXLoader; hip/XZ only locked when Studio plays via Animator,animations/rifle/reload-crouch,READY,P3,LoopOnce,ON_DEMAND,Keep mapped; monitor transition quality and memory use.
reload-empty,2.5333,21,pipeline_locked_if_played,pipeline_locked_if_played,weapon_handling,ranged,ranged:{reloadEmpty},local:public/anim,wired_and_loads,mixamo,rifle,animations/rifle/reload-empty,yes,yes,yes,Duration from FBXLoader; hip/XZ only locked when Studio plays via Animator,animations/rifle/reload-empty,READY,P3,LoopOnce,ON_DEMAND,Keep mapped; monitor transition quality and memory use.
reload-standing,2.0000,21,pipeline_locked_if_played,pipeline_locked_if_played,weapon_handling,ranged,ranged:{reload},local:public/anim,wired_and_loads,mixamo,rifle,animations/rifle/reload-standing,yes,yes,yes,Duration from FBXLoader; hip/XZ only locked when Studio plays via Animator,animations/rifle/reload-standing,READY,P3,LoopOnce,ON_DEMAND,Keep mapped; monitor transition quality and memory use.
reload-tactical,2.0000,21,pipeline_locked_if_played,pipeline_locked_if_played,weapon_handling,ranged,ranged:{reloadTactical},local:public/anim,wired_and_loads,mixamo,rifle,animations/rifle/reload-tactical,yes,yes,yes,Duration from FBXLoader; hip/XZ only locked when Studio plays via Animator,animations/rifle/reload-tactical,READY,P3,LoopOnce,ON_DEMAND,Keep mapped; monitor transition quality and memory use.
run-backward,0.5000,21,pipeline_locked_if_played,pipeline_locked_if_played,locomotion,ranged,ranged:{walkB+runB},local:public/anim,wired_and_loads,mixamo,rifle,animations/rifle/run-backward,yes,yes,yes,Duration from FBXLoader; hip/XZ only locked when Studio plays via Animator,animations/rifle/run-backward,READY,P3,LoopRepeat,CORE_PRELOAD,Keep mapped; monitor transition quality and memory use.
run-forward,0.5000,21,pipeline_locked_if_played,pipeline_locked_if_played,locomotion,ranged,ranged:{walkF+runF},local:public/anim,wired_and_loads,mixamo,rifle,animations/rifle/run-forward,yes,yes,yes,Duration from FBXLoader; hip/XZ only locked when Studio plays via Animator,animations/rifle/run-forward,READY,P3,LoopRepeat,CORE_PRELOAD,Keep mapped; monitor transition quality and memory use.
run-left,0.5000,21,pipeline_locked_if_played,pipeline_locked_if_played,locomotion,ranged,ranged:{walkL+runL},local:public/anim,wired_and_loads,mixamo,rifle,animations/rifle/run-left,yes,yes,yes,Duration from FBXLoader; hip/XZ only locked when Studio plays via Animator,animations/rifle/run-left,READY,P3,LoopRepeat,CORE_PRELOAD,Keep mapped; monitor transition quality and memory use.
run-right,0.5000,21,pipeline_locked_if_played,pipeline_locked_if_played,locomotion,ranged,ranged:{walkR+runR},local:public/anim,wired_and_loads,mixamo,rifle,animations/rifle/run-right,yes,yes,yes,Duration from FBXLoader; hip/XZ only locked when Studio plays via Animator,animations/rifle/run-right,READY,P3,LoopRepeat,CORE_PRELOAD,Keep mapped; monitor transition quality and memory use.
shoot,2.5333,21,pipeline_locked_if_played,pipeline_locked_if_played,attack,ranged,ranged:{attack1+shoot},local:public/anim,wired_and_loads,mixamo,rifle,animations/rifle/shoot,yes,yes,yes,Duration from FBXLoader; hip/XZ only locked when Studio plays via Animator,animations/rifle/shoot,READY,P3,LoopOnce,ON_DEMAND,Keep mapped; monitor transition quality and memory use.
start-run,1.7333,20,pipeline_locked_if_played,pipeline_locked_if_played,dodge,ranged,ranged:{dash},local:public/anim,wired_and_loads,mixamo,rifle,animations/rifle/start-run,yes,yes,yes,Duration from FBXLoader; hip/XZ only locked when Studio plays via Animator,animations/rifle/start-run,READY,P3,LoopOnce,CORE_PRELOAD,Keep mapped; monitor transition quality and memory use.
turn-90-left,1.0000,21,pipeline_locked_if_played,pipeline_locked_if_played,locomotion,pistol|ranged,ranged:{turnL} | pistol:{turnL},local:public/anim,wired_and_loads,mixamo,rifle,animations/rifle/turn-90-left,yes,yes,yes,Duration from FBXLoader; hip/XZ only locked when Studio plays via Animator,animations/rifle/turn-90-left,READY,P3,LoopRepeat,CORE_PRELOAD,Keep mapped; monitor transition quality and memory use.
turn-90-right,1.0000,21,pipeline_locked_if_played,pipeline_locked_if_played,locomotion,pistol|ranged,ranged:{turnR} | pistol:{turnR},local:public/anim,wired_and_loads,mixamo,rifle,animations/rifle/turn-90-right,yes,yes,yes,Duration from FBXLoader; hip/XZ only locked when Studio plays via Animator,animations/rifle/turn-90-right,READY,P3,LoopRepeat,CORE_PRELOAD,Keep mapped; monitor transition quality and memory use.
aim,2.1000,21,pipeline_locked_if_played,pipeline_locked_if_played,idle,shotgun,shotgun:{aim},local:public/anim,wired_and_loads,mixamo,shotgun,animations/shotgun/aim,yes,yes,yes,Duration from FBXLoader; hip/XZ only locked when Studio plays via Animator,animations/shotgun/aim,READY,P3,LoopRepeat,CORE_PRELOAD,Keep mapped; monitor transition quality and memory use.
death-from-front-headshot,2.8333,21,pipeline_locked_if_played,pipeline_locked_if_played,reaction,shotgun,shotgun:{death},local:public/anim,wired_and_loads,mixamo,shotgun,animations/shotgun/death-from-front-headshot,yes,yes,yes,Duration from FBXLoader; hip/XZ only locked when Studio plays via Animator,animations/shotgun/death-from-front-headshot,READY,P3,LoopOnce,CORE_PRELOAD,Keep mapped; monitor transition quality and memory use.
hip-fire,2.5333,21,pipeline_locked_if_played,pipeline_locked_if_played,attack,shotgun,shotgun:{attack1+hipFire},local:public/anim,wired_and_loads,mixamo,shotgun,animations/shotgun/hip-fire,yes,yes,yes,Duration from FBXLoader; hip/XZ only locked when Studio plays via Animator,animations/shotgun/hip-fire,READY,P3,LoopOnce,ON_DEMAND,Keep mapped; monitor transition quality and memory use.
idle,2.1000,21,pipeline_locked_if_played,pipeline_locked_if_played,idle,shotgun,shotgun:{idle},local:public/anim,wired_and_loads,mixamo,shotgun,animations/shotgun/idle,yes,yes,yes,Duration from FBXLoader; hip/XZ only locked when Studio plays via Animator,animations/shotgun/idle,READY,P3,LoopRepeat,CORE_PRELOAD,Keep mapped; monitor transition quality and memory use.
idle-crouching,2.1000,21,pipeline_locked_if_played,pipeline_locked_if_played,attack,shotgun,shotgun:{skill+crouchIdle},local:public/anim,wired_and_loads,mixamo,shotgun,animations/shotgun/idle-crouching,yes,yes,yes,Duration from FBXLoader; hip/XZ only locked when Studio plays via Animator,animations/shotgun/idle-crouching,READY,P3,LoopOnce,ON_DEMAND,Keep mapped; monitor transition quality and memory use.
jump-backward,0.9000,20,pipeline_locked_if_played,pipeline_locked_if_played,dodge,shotgun,shotgun:{dodgeB},local:public/anim,wired_and_loads,mixamo,shotgun,animations/shotgun/jump-backward,yes,yes,yes,Duration from FBXLoader; hip/XZ only locked when Studio plays via Animator,animations/shotgun/jump-backward,READY,P3,LoopOnce,CORE_PRELOAD,Keep mapped; monitor transition quality and memory use.
pump,2.0000,21,pipeline_locked_if_played,pipeline_locked_if_played,weapon_handling,shotgun,shotgun:{pump},local:public/anim,wired_and_loads,mixamo,shotgun,animations/shotgun/pump,yes,yes,yes,Duration from FBXLoader; hip/XZ only locked when Studio plays via Animator,animations/shotgun/pump,READY,P3,LoopOnce,ON_DEMAND,Keep mapped; monitor transition quality and memory use.
reload-crouch,1.0000,21,pipeline_locked_if_played,pipeline_locked_if_played,weapon_handling,shotgun,shotgun:{reloadCrouch},local:public/anim,wired_and_loads,mixamo,shotgun,animations/shotgun/reload-crouch,yes,yes,yes,Duration from FBXLoader; hip/XZ only locked when Studio plays via Animator,animations/shotgun/reload-crouch,READY,P3,LoopOnce,ON_DEMAND,Keep mapped; monitor transition quality and memory use.
reload-empty,2.5333,21,pipeline_locked_if_played,pipeline_locked_if_played,weapon_handling,shotgun,shotgun:{reloadEmpty},local:public/anim,wired_and_loads,mixamo,shotgun,animations/shotgun/reload-empty,yes,yes,yes,Duration from FBXLoader; hip/XZ only locked when Studio plays via Animator,animations/shotgun/reload-empty,READY,P3,LoopOnce,ON_DEMAND,Keep mapped; monitor transition quality and memory use.
reload-standing,2.5333,21,pipeline_locked_if_played,pipeline_locked_if_played,weapon_handling,shotgun,shotgun:{reload},local:public/anim,wired_and_loads,mixamo,shotgun,animations/shotgun/reload-standing,yes,yes,yes,Duration from FBXLoader; hip/XZ only locked when Studio plays via Animator,animations/shotgun/reload-standing,READY,P3,LoopOnce,ON_DEMAND,Keep mapped; monitor transition quality and memory use.
reload-tactical,2.0000,21,pipeline_locked_if_played,pipeline_locked_if_played,weapon_handling,shotgun,shotgun:{reloadTactical},local:public/anim,wired_and_loads,mixamo,shotgun,animations/shotgun/reload-tactical,yes,yes,yes,Duration from FBXLoader; hip/XZ only locked when Studio plays via Animator,animations/shotgun/reload-tactical,READY,P3,LoopOnce,ON_DEMAND,Keep mapped; monitor transition quality and memory use.
run-backward,0.5000,21,pipeline_locked_if_played,pipeline_locked_if_played,locomotion,shotgun,shotgun:{walkB+runB},local:public/anim,wired_and_loads,mixamo,shotgun,animations/shotgun/run-backward,yes,yes,yes,Duration from FBXLoader; hip/XZ only locked when Studio plays via Animator,animations/shotgun/run-backward,READY,P3,LoopRepeat,CORE_PRELOAD,Keep mapped; monitor transition quality and memory use.
run-forward,0.5000,21,pipeline_locked_if_played,pipeline_locked_if_played,locomotion,shotgun,shotgun:{walkF+runF},local:public/anim,wired_and_loads,mixamo,shotgun,animations/shotgun/run-forward,yes,yes,yes,Duration from FBXLoader; hip/XZ only locked when Studio plays via Animator,animations/shotgun/run-forward,READY,P3,LoopRepeat,CORE_PRELOAD,Keep mapped; monitor transition quality and memory use.
run-left,0.5000,21,pipeline_locked_if_played,pipeline_locked_if_played,locomotion,shotgun,shotgun:{walkL+runL},local:public/anim,wired_and_loads,mixamo,shotgun,animations/shotgun/run-left,yes,yes,yes,Duration from FBXLoader; hip/XZ only locked when Studio plays via Animator,animations/shotgun/run-left,READY,P3,LoopRepeat,CORE_PRELOAD,Keep mapped; monitor transition quality and memory use.
run-right,0.5000,21,pipeline_locked_if_played,pipeline_locked_if_played,locomotion,shotgun,shotgun:{walkR+runR},local:public/anim,wired_and_loads,mixamo,shotgun,animations/shotgun/run-right,yes,yes,yes,Duration from FBXLoader; hip/XZ only locked when Studio plays via Animator,animations/shotgun/run-right,READY,P3,LoopRepeat,CORE_PRELOAD,Keep mapped; monitor transition quality and memory use.
shoot,2.5333,21,pipeline_locked_if_played,pipeline_locked_if_played,attack,shotgun,shotgun:{shoot},local:public/anim,wired_and_loads,mixamo,shotgun,animations/shotgun/shoot,yes,yes,yes,Duration from FBXLoader; hip/XZ only locked when Studio plays via Animator,animations/shotgun/shoot,READY,P3,LoopOnce,ON_DEMAND,Keep mapped; monitor transition quality and memory use.
start-run,1.7333,20,pipeline_locked_if_played,pipeline_locked_if_played,dodge,shotgun,shotgun:{dash},local:public/anim,wired_and_loads,mixamo,shotgun,animations/shotgun/start-run,yes,yes,yes,Duration from FBXLoader; hip/XZ only locked when Studio plays via Animator,animations/shotgun/start-run,READY,P3,LoopOnce,CORE_PRELOAD,Keep mapped; monitor transition quality and memory use.
turn-90-left,1.0000,21,pipeline_locked_if_played,pipeline_locked_if_played,locomotion,shotgun,shotgun:{turnL},local:public/anim,wired_and_loads,mixamo,shotgun,animations/shotgun/turn-90-left,yes,yes,yes,Duration from FBXLoader; hip/XZ only locked when Studio plays via Animator,animations/shotgun/turn-90-left,READY,P3,LoopRepeat,CORE_PRELOAD,Keep mapped; monitor transition quality and memory use.
turn-90-right,1.0000,21,pipeline_locked_if_played,pipeline_locked_if_played,locomotion,shotgun,shotgun:{turnR},local:public/anim,wired_and_loads,mixamo,shotgun,animations/shotgun/turn-90-right,yes,yes,yes,Duration from FBXLoader; hip/XZ only locked when Studio plays via Animator,animations/shotgun/turn-90-right,READY,P3,LoopRepeat,CORE_PRELOAD,Keep mapped; monitor transition quality and memory use.
lance-spartan,1.3667,20,pipeline_locked_if_played,pipeline_locked_if_played,attack,spear,spear:{attack3+dashAttack},local:public/anim,wired_and_loads,mixamo,spear,animations/spear/lance-spartan,yes,yes,yes,Duration from FBXLoader; hip/XZ only locked when Studio plays via Animator,animations/spear/lance-spartan,READY,P3,LoopOnce,ON_DEMAND,Keep mapped; monitor transition quality and memory use.
rising-thrust,2.3333,20,pipeline_locked_if_played,pipeline_locked_if_played,attack,axe|mace,axe:{stab} | mace:{stab},local:public/anim,wired_and_loads,mixamo,spear,animations/spear/rising-thrust,yes,yes,yes,Duration from FBXLoader; hip/XZ only locked when Studio plays via Animator,animations/spear/rising-thrust,READY,P3,LoopOnce,ON_DEMAND,Keep mapped; monitor transition quality and memory use.
upward-thrust,1.2333,20,pipeline_locked_if_played,pipeline_locked_if_played,attack,spear,spear:{attack1+stab},local:public/anim,wired_and_loads,mixamo,spear,animations/spear/upward-thrust,yes,yes,yes,Duration from FBXLoader; hip/XZ only locked when Studio plays via Animator,animations/spear/upward-thrust,READY,P3,LoopOnce,ON_DEMAND,Keep mapped; monitor transition quality and memory use.
Back_Flip_To_Uppercut,5.8333,21,pipeline_locked_if_played,pipeline_locked_if_played,attack,unarmed,unarmed:{jumpAttack},local:public/anim,wired_and_loads,mixamo,striker,animations/striker/Back_Flip_To_Uppercut,yes,yes,yes,Duration from FBXLoader; hip/XZ only locked when Studio plays via Animator,animations/striker/back_flip_to_uppercut,READY,P3,LoopOnce,ON_DEMAND,Keep mapped; monitor transition quality and memory use.
Falling_To_Roll,2.1333,21,pipeline_locked_if_played,pipeline_locked_if_played,dodge,unarmed,unarmed:{land},local:public/anim,wired_and_loads,mixamo,striker,animations/striker/Falling_To_Roll,yes,yes,yes,Duration from FBXLoader; hip/XZ only locked when Studio plays via Animator,animations/striker/falling_to_roll,READY,P3,LoopOnce,CORE_PRELOAD,Keep mapped; monitor transition quality and memory use.
fight-idle,7.4667,21,pipeline_locked_if_played,pipeline_locked_if_played,idle,unarmed,unarmed:{idles},local:public/anim,wired_and_loads,mixamo,striker,animations/striker/fight-idle,yes,yes,yes,Duration from FBXLoader; hip/XZ only locked when Studio plays via Animator,animations/striker/fight-idle,READY,P3,LoopRepeat,CORE_PRELOAD,Keep mapped; monitor transition quality and memory use.
flip-kick,2.0333,20,pipeline_locked_if_played,pipeline_locked_if_played,attack,unarmed,unarmed:{skill},local:public/anim,wired_and_loads,mixamo,striker,animations/striker/flip-kick,yes,yes,yes,Duration from FBXLoader; hip/XZ only locked when Studio plays via Animator,animations/striker/flip-kick,READY,P3,LoopOnce,ON_DEMAND,Keep mapped; monitor transition quality and memory use.
kicking,2.2000,21,pipeline_locked_if_played,pipeline_locked_if_played,attack,unarmed,unarmed:{attack3},local:public/anim,wired_and_loads,mixamo,striker,animations/striker/kicking,yes,yes,yes,Duration from FBXLoader; hip/XZ only locked when Studio plays via Animator,animations/striker/kicking,READY,P3,LoopOnce,ON_DEMAND,Keep mapped; monitor transition quality and memory use.
knee-jabs-to-uppercut,2.2667,20,pipeline_locked_if_played,pipeline_locked_if_played,attack,unarmed,unarmed:{comboHit2},local:public/anim,wired_and_loads,mixamo,striker,animations/striker/knee-jabs-to-uppercut,yes,yes,yes,Duration from FBXLoader; hip/XZ only locked when Studio plays via Animator,animations/striker/knee-jabs-to-uppercut,READY,P3,LoopOnce,ON_DEMAND,Keep mapped; monitor transition quality and memory use.
punch-combo,2.2000,35,pipeline_locked_if_played,pipeline_locked_if_played,attack,unarmed,unarmed:{attack4},local:public/anim,wired_and_loads,mixamo,striker,animations/striker/punch-combo,yes,yes,yes,Duration from FBXLoader; hip/XZ only locked when Studio plays via Animator,animations/striker/punch-combo,READY,P3,LoopOnce,ON_DEMAND,Keep mapped; monitor transition quality and memory use.
punch-to-elbow-combo,5.0000,20,pipeline_locked_if_played,pipeline_locked_if_played,attack,unarmed,unarmed:{comboHit1},local:public/anim,wired_and_loads,mixamo,striker,animations/striker/punch-to-elbow-combo,yes,yes,yes,Duration from FBXLoader; hip/XZ only locked when Studio plays via Animator,animations/striker/punch-to-elbow-combo,READY,P3,LoopOnce,ON_DEMAND,Keep mapped; monitor transition quality and memory use.
quick-kick,1.9333,20,pipeline_locked_if_played,pipeline_locked_if_played,attack,unarmed,unarmed:{attack2+dashAttack},local:public/anim,wired_and_loads,mixamo,striker,animations/striker/quick-kick,yes,yes,yes,Duration from FBXLoader; hip/XZ only locked when Studio plays via Animator,animations/striker/quick-kick,READY,P3,LoopOnce,ON_DEMAND,Keep mapped; monitor transition quality and memory use.
strike-down,0.0333,21,pipeline_locked_if_played,pipeline_locked_if_played,attack,unarmed,unarmed:{attack5},local:public/anim,wired_and_loads,mixamo,striker,animations/striker/strike-down,yes,yes,yes,Duration from FBXLoader; hip/XZ only locked when Studio plays via Animator,animations/striker/strike-down,READY,P3,LoopOnce,ON_DEMAND,Keep mapped; monitor transition quality and memory use.
vampiric-bite,3.0333,21,pipeline_locked_if_played,pipeline_locked_if_played,attack,unarmed,unarmed:{attack6},local:public/anim,wired_and_loads,mixamo,striker,animations/striker/vampiric-bite,yes,yes,yes,Duration from FBXLoader; hip/XZ only locked when Studio plays via Animator,animations/striker/vampiric-bite,READY,P3,LoopOnce,ON_DEMAND,Keep mapped; monitor transition quality and memory use.
swimming,4.5333,21,pipeline_locked_if_played,pipeline_locked_if_played,acrobatics,swim,traversal:{forward+back},local:public/anim,wired_and_loads,mixamo,swim,animations/swim/swimming,yes,yes,yes,Duration from FBXLoader; hip/XZ only locked when Studio plays via Animator,animations/swim/swimming,READY,P3,LoopOnce,ON_DEMAND,Keep mapped; monitor transition quality and memory use.
swimming-to-edge,5.0000,21,pipeline_locked_if_played,pipeline_locked_if_played,acrobatics,global,global:{swimExit},local:public/anim,wired_and_loads,mixamo,swim,animations/swim/swimming-to-edge,yes,yes,yes,Duration from FBXLoader; hip/XZ only locked when Studio plays via Animator,animations/swim/swimming-to-edge,READY,P3,LoopOnce,ON_DEMAND,Keep mapped; monitor transition quality and memory use.
treading-water,3.0000,21,pipeline_locked_if_played,pipeline_locked_if_played,idle,swim,traversal:{idle},local:public/anim,wired_and_loads,mixamo,swim,animations/swim/treading-water,yes,yes,yes,Duration from FBXLoader; hip/XZ only locked when Studio plays via Animator,animations/swim/treading-water,READY,P3,LoopRepeat,CORE_PRELOAD,Keep mapped; monitor transition quality and memory use.
draw-sword-1,0.5000,21,pipeline_locked_if_played,pipeline_locked_if_played,weapon_handling,sword,sword:{draw},local:public/anim,wired_and_loads,mixamo,sword,animations/sword/draw-sword-1,yes,yes,yes,Duration from FBXLoader; hip/XZ only locked when Studio plays via Animator,animations/sword/draw-sword-1,READY,P3,LoopOnce,ON_DEMAND,Keep mapped; monitor transition quality and memory use.
great-sword-slide-attack,2.1333,21,pipeline_locked_if_played,pipeline_locked_if_played,attack,axe|bow|greataxe|greatsword|hammer|hammer2h|mace|mace2h|spear,greatsword:{dashAttack} | axe:{dashAttack} | mace:{dashAttack} | spear:{skill} | hammer:{dashAttack} | greataxe:{dashAttack} | hammer2h:{dashAttack} | mace2h:{dashAttack} | bow:{dashAttack+skill},local:public/anim,wired_and_loads,mixamo,sword,animations/sword/great-sword-slide-attack,yes,yes,yes,Duration from FBXLoader; hip/XZ only locked when Studio plays via Animator,animations/sword/great-sword-slide-attack,READY,P3,LoopOnce,ON_DEMAND,Keep mapped; monitor transition quality and memory use.
inward-slash,2.2000,20,pipeline_locked_if_played,pipeline_locked_if_played,attack,spear|sword,sword:{attack4} | spear:{attack2},local:public/anim,wired_and_loads,mixamo,sword,animations/sword/inward-slash,yes,yes,yes,Duration from FBXLoader; hip/XZ only locked when Studio plays via Animator,animations/sword/inward-slash,READY,P3,LoopOnce,ON_DEMAND,Keep mapped; monitor transition quality and memory use.
melee-downward,2.2667,20,pipeline_locked_if_played,pipeline_locked_if_played,attack,hammer|mace,mace:{attack3} | hammer:{attack3},local:public/anim,wired_and_loads,mixamo,sword,animations/sword/melee-downward,yes,yes,yes,Duration from FBXLoader; hip/XZ only locked when Studio plays via Animator,animations/sword/melee-downward,READY,P3,LoopOnce,ON_DEMAND,Keep mapped; monitor transition quality and memory use.
melee-horizontal,2.4000,20,pipeline_locked_if_played,pipeline_locked_if_played,attack,axe|hammer,axe:{attack2} | hammer:{attack2},local:public/anim,wired_and_loads,mixamo,sword,animations/sword/melee-horizontal,yes,yes,yes,Duration from FBXLoader; hip/XZ only locked when Studio plays via Animator,animations/sword/melee-horizontal,READY,P3,LoopOnce,ON_DEMAND,Keep mapped; monitor transition quality and memory use.
one-hand-sword-combo,4.5333,20,pipeline_locked_if_played,pipeline_locked_if_played,attack,sword,sword:{dashAttack},local:public/anim,wired_and_loads,mixamo,sword,animations/sword/one-hand-sword-combo,yes,yes,yes,Duration from FBXLoader; hip/XZ only locked when Studio plays via Animator,animations/sword/one-hand-sword-combo,READY,P3,LoopOnce,ON_DEMAND,Keep mapped; monitor transition quality and memory use.
outward-slash,2.0333,21,pipeline_locked_if_played,pipeline_locked_if_played,attack,global|knife,knife:{attack3} | global:{outsideSlash},local:public/anim,wired_and_loads,mixamo,sword,animations/sword/outward-slash,yes,yes,yes,Duration from FBXLoader; hip/XZ only locked when Studio plays via Animator,animations/sword/outward-slash,READY,P3,LoopOnce,ON_DEMAND,Keep mapped; monitor transition quality and memory use.
sheath-sword-1,1.2667,21,pipeline_locked_if_played,pipeline_locked_if_played,weapon_handling,sword,sword:{sheath},local:public/anim,wired_and_loads,mixamo,sword,animations/sword/sheath-sword-1,yes,yes,yes,Duration from FBXLoader; hip/XZ only locked when Studio plays via Animator,animations/sword/sheath-sword-1,READY,P3,LoopOnce,ON_DEMAND,Keep mapped; monitor transition quality and memory use.
sword-and-shield-attack,2.3333,21,pipeline_locked_if_played,pipeline_locked_if_played,attack,global|sword,sword:{attack2} | global:{insideSlash},local:public/anim,wired_and_loads,mixamo,sword,animations/sword/sword-and-shield-attack,yes,yes,yes,Duration from FBXLoader; hip/XZ only locked when Studio plays via Animator,animations/sword/sword-and-shield-attack,READY,P3,LoopOnce,ON_DEMAND,Keep mapped; monitor transition quality and memory use.
sword-and-shield-attack-2,1.3000,21,pipeline_locked_if_played,pipeline_locked_if_played,attack,sword,sword:{attack1},local:public/anim,wired_and_loads,mixamo,sword,animations/sword/sword-and-shield-attack-2,yes,yes,yes,Duration from FBXLoader; hip/XZ only locked when Studio plays via Animator,animations/sword/sword-and-shield-attack-2,READY,P3,LoopOnce,ON_DEMAND,Keep mapped; monitor transition quality and memory use.
sword-and-shield-attack-3,1.7333,21,pipeline_locked_if_played,pipeline_locked_if_played,attack,hammer|sword,sword:{attack3} | hammer:{attack1},local:public/anim,wired_and_loads,mixamo,sword,animations/sword/sword-and-shield-attack-3,yes,yes,yes,Duration from FBXLoader; hip/XZ only locked when Studio plays via Animator,animations/sword/sword-and-shield-attack-3,READY,P3,LoopOnce,ON_DEMAND,Keep mapped; monitor transition quality and memory use.
sword-and-shield-attack-4,1.0000,21,pipeline_locked_if_played,pipeline_locked_if_played,attack,sword,sword:{attack6},local:public/anim,wired_and_loads,mixamo,sword,animations/sword/sword-and-shield-attack-4,yes,yes,yes,Duration from FBXLoader; hip/XZ only locked when Studio plays via Animator,animations/sword/sword-and-shield-attack-4,READY,P3,LoopOnce,ON_DEMAND,Keep mapped; monitor transition quality and memory use.
sword-and-shield-attack-5,2.3333,21,pipeline_locked_if_played,pipeline_locked_if_played,attack,sword,sword:{attack5},local:public/anim,wired_and_loads,mixamo,sword,animations/sword/sword-and-shield-attack-5,yes,yes,yes,Duration from FBXLoader; hip/XZ only locked when Studio plays via Animator,animations/sword/sword-and-shield-attack-5,READY,P3,LoopOnce,ON_DEMAND,Keep mapped; monitor transition quality and memory use.
sword-and-shield-block,0.5667,21,pipeline_locked_if_played,pipeline_locked_if_played,defense,axe|hammer|mace|sword,sword:{blockStart} | axe:{blockStart} | mace:{blockStart} | hammer:{blockStart},local:public/anim,wired_and_loads,mixamo,sword,animations/sword/sword-and-shield-block,yes,yes,yes,Duration from FBXLoader; hip/XZ only locked when Studio plays via Animator,animations/sword/sword-and-shield-block,READY,P3,LoopOnce,CORE_PRELOAD,Keep mapped; monitor transition quality and memory use.
sword-and-shield-block-idle,1.4000,21,pipeline_locked_if_played,pipeline_locked_if_played,defense,axe|hammer|mace|sword,sword:{blockIdle} | axe:{blockIdle} | mace:{blockIdle} | hammer:{blockIdle},local:public/anim,wired_and_loads,mixamo,sword,animations/sword/sword-and-shield-block-idle,yes,yes,yes,Duration from FBXLoader; hip/XZ only locked when Studio plays via Animator,animations/sword/sword-and-shield-block-idle,READY,P3,LoopOnce,CORE_PRELOAD,Keep mapped; monitor transition quality and memory use.
sword-and-shield-casting,2.9667,21,pipeline_locked_if_played,pipeline_locked_if_played,attack,mace2h|sword,sword:{skill} | mace2h:{skill},local:public/anim,wired_and_loads,mixamo,sword,animations/sword/sword-and-shield-casting,yes,yes,yes,Duration from FBXLoader; hip/XZ only locked when Studio plays via Animator,animations/sword/sword-and-shield-casting,READY,P3,LoopOnce,ON_DEMAND,Keep mapped; monitor transition quality and memory use.
sword-and-shield-death,2.3000,21,pipeline_locked_if_played,pipeline_locked_if_played,reaction,axe|hammer|mace|sword,sword:{death} | axe:{death} | mace:{death} | hammer:{death},local:public/anim,wired_and_loads,mixamo,sword,animations/sword/sword-and-shield-death,yes,yes,yes,Duration from FBXLoader; hip/XZ only locked when Studio plays via Animator,animations/sword/sword-and-shield-death,READY,P3,LoopOnce,CORE_PRELOAD,Keep mapped; monitor transition quality and memory use.
sword-and-shield-idle,2.5333,21,pipeline_locked_if_played,pipeline_locked_if_played,idle,sword,sword:{idle},local:public/anim,wired_and_loads,mixamo,sword,animations/sword/sword-and-shield-idle,yes,yes,yes,Duration from FBXLoader; hip/XZ only locked when Studio plays via Animator,animations/sword/sword-and-shield-idle,READY,P3,LoopRepeat,CORE_PRELOAD,Keep mapped; monitor transition quality and memory use.
sword-and-shield-run,0.7000,21,pipeline_locked_if_played,pipeline_locked_if_played,locomotion,sword,sword:{runF},local:public/anim,wired_and_loads,mixamo,sword,animations/sword/sword-and-shield-run,yes,yes,yes,Duration from FBXLoader; hip/XZ only locked when Studio plays via Animator,animations/sword/sword-and-shield-run,READY,P3,LoopRepeat,CORE_PRELOAD,Keep mapped; monitor transition quality and memory use.
sword-and-shield-run-2,0.5333,21,pipeline_locked_if_played,pipeline_locked_if_played,locomotion,sword,sword:{walkF},local:public/anim,wired_and_loads,mixamo,sword,animations/sword/sword-and-shield-run-2,yes,yes,yes,Duration from FBXLoader; hip/XZ only locked when Studio plays via Animator,animations/sword/sword-and-shield-run-2,READY,P3,LoopRepeat,CORE_PRELOAD,Keep mapped; monitor transition quality and memory use.
sword-and-shield-run-back,0.5333,20,pipeline_locked_if_played,pipeline_locked_if_played,locomotion,sword,sword:{walkB+runB},local:public/anim,wired_and_loads,mixamo,sword,animations/sword/sword-and-shield-run-back,yes,yes,yes,Duration from FBXLoader; hip/XZ only locked when Studio plays via Animator,animations/sword/sword-and-shield-run-back,READY,P3,LoopRepeat,CORE_PRELOAD,Keep mapped; monitor transition quality and memory use.
sword-and-shield-strafe,0.6667,21,pipeline_locked_if_played,pipeline_locked_if_played,locomotion,sword,sword:{walkL+runL},local:public/anim,wired_and_loads,mixamo,sword,animations/sword/sword-and-shield-strafe,yes,yes,yes,Duration from FBXLoader; hip/XZ only locked when Studio plays via Animator,animations/sword/sword-and-shield-strafe,READY,P3,LoopRepeat,CORE_PRELOAD,Keep mapped; monitor transition quality and memory use.
sword-and-shield-strafe-2,0.7000,21,pipeline_locked_if_played,pipeline_locked_if_played,locomotion,sword,sword:{walkR+runR},local:public/anim,wired_and_loads,mixamo,sword,animations/sword/sword-and-shield-strafe-2,yes,yes,yes,Duration from FBXLoader; hip/XZ only locked when Studio plays via Animator,animations/sword/sword-and-shield-strafe-2,READY,P3,LoopRepeat,CORE_PRELOAD,Keep mapped; monitor transition quality and memory use.
sword-and-shield-turn,0.9333,21,pipeline_locked_if_played,pipeline_locked_if_played,locomotion,axe|hammer|mace|sword,sword:{turnL} | axe:{turnL} | mace:{turnL} | hammer:{turnL},local:public/anim,wired_and_loads,mixamo,sword,animations/sword/sword-and-shield-turn,yes,yes,yes,Duration from FBXLoader; hip/XZ only locked when Studio plays via Animator,animations/sword/sword-and-shield-turn,READY,P3,LoopRepeat,CORE_PRELOAD,Keep mapped; monitor transition quality and memory use.
sword-and-shield-turn-2,0.9333,21,pipeline_locked_if_played,pipeline_locked_if_played,locomotion,axe|hammer|mace|sword,sword:{turnR} | axe:{turnR} | mace:{turnR} | hammer:{turnR},local:public/anim,wired_and_loads,mixamo,sword,animations/sword/sword-and-shield-turn-2,yes,yes,yes,Duration from FBXLoader; hip/XZ only locked when Studio plays via Animator,animations/sword/sword-and-shield-turn-2,READY,P3,LoopRepeat,CORE_PRELOAD,Keep mapped; monitor transition quality and memory use.
two-hand-sword-combo,3.2667,21,pipeline_locked_if_played,pipeline_locked_if_played,attack,global|greataxe,greataxe:{attack3} | global:{meleeComboB},local:public/anim,wired_and_loads,mixamo,sword,animations/sword/two-hand-sword-combo,yes,yes,yes,Duration from FBXLoader; hip/XZ only locked when Studio plays via Animator,animations/sword/two-hand-sword-combo,READY,P3,LoopOnce,ON_DEMAND,Keep mapped; monitor transition quality and memory use.
melee-combo-1,,0,not_played_unverified,not_played_unverified,attack,global|mace,mace:{skill} | global:{meleeComboA},local:public/anim,wired_but_load_fails,mixamo,combo,animations/combo/melee-combo-1,yes,yes,fail,load_err=self is not defined,animations/combo/melee-combo-1,BLOCKED_LOAD_ERROR,P0,LoopOnce,DO_NOT_LOAD,Fix the loader/runtime error or convert the source to a validated GLB.
melee-combo-2,,0,not_played_unverified,not_played_unverified,attack,axe|global,axe:{attack1} | global:{meleeComboB},local:public/anim,wired_but_load_fails,mixamo,combo,animations/combo/melee-combo-2,yes,yes,fail,load_err=self is not defined,animations/combo/melee-combo-2,BLOCKED_LOAD_ERROR,P0,LoopOnce,DO_NOT_LOAD,Fix the loader/runtime error or convert the source to a validated GLB.
great-sword-overhead,,0,not_played_unverified,not_played_unverified,attack,global,global:{overheadSlash},local:public/anim,wired_but_load_fails,mixamo,greatsword,animations/greatsword/great-sword-overhead,yes,yes,fail,load_err=document is not defined,animations/greatsword/great-sword-overhead,BLOCKED_LOAD_ERROR,P0,LoopOnce,DO_NOT_LOAD,Fix the loader/runtime error or convert the source to a validated GLB.
big-body-blow,,0,not_played_unverified,not_played_unverified,reaction,global,global:{bigBlow},local:public/anim,wired_but_load_fails,mixamo,reactions,animations/reactions/big-body-blow,yes,yes,fail,load_err=document is not defined,animations/reactions/big-body-blow,BLOCKED_LOAD_ERROR,P0,LoopOnce,DO_NOT_LOAD,Fix the loader/runtime error or convert the source to a validated GLB.
jump-away,,0,not_played_unverified,not_played_unverified,dodge,global,global:{jumpAway},local:public/anim,wired_but_load_fails,mixamo,reactions,animations/reactions/jump-away,yes,yes,fail,load_err=document is not defined,animations/reactions/jump-away,BLOCKED_LOAD_ERROR,P0,LoopOnce,DO_NOT_LOAD,Fix the loader/runtime error or convert the source to a validated GLB.
uppercut,,0,not_played_unverified,not_played_unverified,attack,global,global:{uppercutLaunch},local:public/anim,wired_but_load_fails,mixamo,reactions,animations/reactions/uppercut,yes,yes,fail,load_err=document is not defined,animations/reactions/uppercut,BLOCKED_LOAD_ERROR,P0,LoopOnce,DO_NOT_LOAD,Fix the loader/runtime error or convert the source to a validated GLB.
melee-combo-1-hit1,,,pipeline_locked_if_played,pipeline_locked_if_played,attack,knife|sword,sword:{comboHit1} | knife:{comboHit1},local:public/anim,wired_virtual_glb_slice,mixamo,combo,animations/combo/melee-combo-1-hit1,yes,virtual,virtual_subclip,No standalone file — loader slices from animations/combo/melee-combo-1.glb,animations/combo/melee-combo-1-hit1,BLOCKED_MISSING_ASSET,P0,LoopOnce,DO_NOT_LOAD,Restore or re-export the asset before controller registration.
melee-combo-1-hit2,,,pipeline_locked_if_played,pipeline_locked_if_played,attack,knife|sword,sword:{comboHit2} | knife:{comboHit2},local:public/anim,wired_virtual_glb_slice,mixamo,combo,animations/combo/melee-combo-1-hit2,yes,virtual,virtual_subclip,No standalone file — loader slices from animations/combo/melee-combo-1.glb,animations/combo/melee-combo-1-hit2,BLOCKED_MISSING_ASSET,P0,LoopOnce,DO_NOT_LOAD,Restore or re-export the asset before controller registration.
melee-combo-1-hit3,,,pipeline_locked_if_played,pipeline_locked_if_played,attack,knife|sword,sword:{comboHit3} | knife:{comboHit3},local:public/anim,wired_virtual_glb_slice,mixamo,combo,animations/combo/melee-combo-1-hit3,yes,virtual,virtual_subclip,No standalone file — loader slices from animations/combo/melee-combo-1.glb,animations/combo/melee-combo-1-hit3,BLOCKED_MISSING_ASSET,P0,LoopOnce,DO_NOT_LOAD,Restore or re-export the asset before controller registration.
